use Reserva

-- Insertar registros en la tabla 'USUARIO'
INSERT INTO USUARIO VALUES ('1723456789','7dKxUHnbomZqxuTEySke');
INSERT INTO USUARIO VALUES ('1806789012','cXZUWuabXLAgDNI4BP01');
INSERT INTO USUARIO VALUES ('1103456789','BkT3VNlDaLu8ZFLY0OWE');
INSERT INTO USUARIO VALUES ('1208901234','GJ8XcllQ8uP67GqgSe1A');
INSERT INTO USUARIO VALUES ('1005678901','i4w4flSE0DWUYl49jMXW');
INSERT INTO USUARIO VALUES ('0602345678','yjQIp4oqYinrH3pvIb8S');
INSERT INTO USUARIO VALUES ('1704443332','ZP0SqboUHWXqzZrgNWw0');
INSERT INTO USUARIO VALUES ('0909012345','2dCHt8e6OA8y7HEE0NOs');
INSERT INTO USUARIO VALUES ('0206789123','UXs9hLVhXYQd5ASkWsOi');
INSERT INTO USUARIO VALUES ('0508904567','l8afdbHPYBNwEFzJIZGr');
INSERT INTO USUARIO VALUES ('1501112223','HmG7MLg9ja9QegHa9gCZ');
INSERT INTO USUARIO VALUES ('0709998887','3A1MEyi7Yu6QCmPlViOp');
INSERT INTO USUARIO VALUES ('0402345678','KdWyqgrOQ0NBDzgVMt7l');
INSERT INTO USUARIO VALUES ('0305678901','afNz83jXbHbcYtK4E2jd');
INSERT INTO USUARIO VALUES ('0808901234','onDt0oRH0jQYaspKWQH1');
INSERT INTO USUARIO VALUES ('1903456789','kJRuEob8XmQWHJberj5D');
INSERT INTO USUARIO VALUES ('1406789012','TBynWYVu2BeAfbbee1kS');
INSERT INTO USUARIO VALUES ('1309012345','m8TRjvfden5yQBVqSfoh');
INSERT INTO USUARIO VALUES ('0202345678','RtGingenyQ7LVok2s4T8');
INSERT INTO USUARIO VALUES ('0105678901','A6xZMwhmlHkN83GNOvGc');
INSERT INTO USUARIO VALUES ('2008901234','3zVV1FzxMbFEH8rhrsUL');
INSERT INTO USUARIO VALUES ('1721895181','ZtQhp6VLn52hrXEtSY3F');
INSERT INTO USUARIO VALUES ('2103456789','dc4QdtK2zrd8RATkU9rS');
INSERT INTO USUARIO VALUES ('2207890123','PmRQUUiiOAntqQvKbp27');
INSERT INTO USUARIO VALUES ('2304567890','oxsN8cu2YLSyprOj1PTp');
INSERT INTO USUARIO VALUES ('2401234567','T7fV7u8oaLRjLCNEPSOd');
INSERT INTO USUARIO VALUES ('2509876543','LuaMRcusD4P4VJb5dTGP');
INSERT INTO USUARIO VALUES ('2606543210','nWHD1SyUv7age6PCD0J9');
INSERT INTO USUARIO VALUES ('2703210987','eD0fMR3QsTsb9VpzD8z3');
INSERT INTO USUARIO VALUES ('2801987654','q7i2CExAlTpHo5XN4CoK');
INSERT INTO USUARIO VALUES ('2908765432','xMxZsmJFuMuKfijvtxuo');
INSERT INTO USUARIO VALUES ('3005556667','O8hEZthrfjNoZSX87bcr');
INSERT INTO USUARIO VALUES ('3101234567','5vzJYG6Vz2h72K9Gm04c');
INSERT INTO USUARIO VALUES ('3202345678','RO3xANZB2hMoRFmMh5Lk');
INSERT INTO USUARIO VALUES ('3303456789','FTioebpqFqbdYQGAhzHl');
INSERT INTO USUARIO VALUES ('3404567890','K9V8HWlsFGozu9JKYi9F');
INSERT INTO USUARIO VALUES ('3505678901','B48FRUGkhu4l7hlDb6LK');
INSERT INTO USUARIO VALUES ('3606789012','QzdJhY2JYRkd4GLkLrNn');
INSERT INTO USUARIO VALUES ('3707890123','aLQZ9XpmTfWNVgJ8CYKo');
INSERT INTO USUARIO VALUES ('3802345678','X78VrBQKMCFNwoLZDpH3');
INSERT INTO USUARIO VALUES ('3903456789','pJgQH2oLYKN9WXTZVBFm');
INSERT INTO USUARIO VALUES ('4004567890','oL9QZKVTB8XWJYpFNHMg');
INSERT INTO USUARIO VALUES ('1756789012','T9WJXQZKNV8LYpFMBGo2');
INSERT INTO USUARIO VALUES ('1204567890','JXQZKNVT9W8YpFLBMGo2');
INSERT INTO USUARIO VALUES ('0987654321','ZKNVTJXQW9Y8pFLMBGo2');
INSERT INTO USUARIO VALUES ('1345678901','KNVTJXQZ9W8YpFLMBGo2');
INSERT INTO USUARIO VALUES ('1856789012','VTJXQZKN9W8YpFLMBGo2');
INSERT INTO USUARIO VALUES ('1654327890','XQZKNVTJ9W8YpFLMBGo2');
INSERT INTO USUARIO VALUES ('1432567890','QZKNVTJX9W8YpFLMBGo2');
INSERT INTO USUARIO VALUES ('1789054321','J8KNVZXTQWLFpgoYMB29');
INSERT INTO USUARIO VALUES ('1908765432','9XQZKNVTJ8WYLpFMBGo2');
INSERT INTO USUARIO VALUES ('1556789023','KVT9WJXQZ8NYpLFBGM2o');

-- Insertar registros en la tabla 'ROLES'
INSERT INTO ROLES VALUES ('9KVTJXQZ8NWYpFLBMGo2','ADMINISTRADOR');
INSERT INTO ROLES VALUES ('J8KNVZXTQWLFpgoYMB29','ESTUDIANTE');
INSERT INTO ROLES VALUES ('KVT9WJXQZ8NYpLFBGM2o','DOCENTE');
INSERT INTO ROLES VALUES ('XWQZJYKNV8LF9pTMBGo2','LABORATORISTA');

-- Insertar registros en la tabla 'USUARIOINROLES'
INSERT INTO USUARIOINROLES VALUES ('7dKxUHnbomZqxuTEySke','ADMINISTRADOR');
INSERT INTO USUARIOINROLES VALUES ('cXZUWuabXLAgDNI4BP01','DOCENTE');
INSERT INTO USUARIOINROLES VALUES ('BkT3VNlDaLu8ZFLY0OWE','DOCENTE');
INSERT INTO USUARIOINROLES VALUES ('GJ8XcllQ8uP67GqgSe1A','DOCENTE');
INSERT INTO USUARIOINROLES VALUES ('i4w4flSE0DWUYl49jMXW','DOCENTE');
INSERT INTO USUARIOINROLES VALUES ('yjQIp4oqYinrH3pvIb8S','DOCENTE');
INSERT INTO USUARIOINROLES VALUES ('ZP0SqboUHWXqzZrgNWw0','DOCENTE');
INSERT INTO USUARIOINROLES VALUES ('2dCHt8e6OA8y7HEE0NOs','DOCENTE');
INSERT INTO USUARIOINROLES VALUES ('UXs9hLVhXYQd5ASkWsOi','DOCENTE');
INSERT INTO USUARIOINROLES VALUES ('l8afdbHPYBNwEFzJIZGr','DOCENTE');
INSERT INTO USUARIOINROLES VALUES ('HmG7MLg9ja9QegHa9gCZ','DOCENTE');
INSERT INTO USUARIOINROLES VALUES ('3A1MEyi7Yu6QCmPlViOp','DOCENTE');
INSERT INTO USUARIOINROLES VALUES ('KdWyqgrOQ0NBDzgVMt7l','DOCENTE');
INSERT INTO USUARIOINROLES VALUES ('afNz83jXbHbcYtK4E2jd','DOCENTE');
INSERT INTO USUARIOINROLES VALUES ('onDt0oRH0jQYaspKWQH1','DOCENTE');
INSERT INTO USUARIOINROLES VALUES ('kJRuEob8XmQWHJberj5D','DOCENTE');
INSERT INTO USUARIOINROLES VALUES ('TBynWYVu2BeAfbbee1kS','DOCENTE');
INSERT INTO USUARIOINROLES VALUES ('m8TRjvfden5yQBVqSfoh','DOCENTE');
INSERT INTO USUARIOINROLES VALUES ('RtGingenyQ7LVok2s4T8','DOCENTE');
INSERT INTO USUARIOINROLES VALUES ('A6xZMwhmlHkN83GNOvGc','DOCENTE');
INSERT INTO USUARIOINROLES VALUES ('3zVV1FzxMbFEH8rhrsUL','DOCENTE');
INSERT INTO USUARIOINROLES VALUES ('ZtQhp6VLn52hrXEtSY3F','DOCENTE');
INSERT INTO USUARIOINROLES VALUES ('dc4QdtK2zrd8RATkU9rS','ESTUDIANTE');
INSERT INTO USUARIOINROLES VALUES ('PmRQUUiiOAntqQvKbp27','ESTUDIANTE');
INSERT INTO USUARIOINROLES VALUES ('oxsN8cu2YLSyprOj1PTp','ESTUDIANTE');
INSERT INTO USUARIOINROLES VALUES ('T7fV7u8oaLRjLCNEPSOd','ESTUDIANTE');
INSERT INTO USUARIOINROLES VALUES ('LuaMRcusD4P4VJb5dTGP','ESTUDIANTE');
INSERT INTO USUARIOINROLES VALUES ('nWHD1SyUv7age6PCD0J9','ESTUDIANTE');
INSERT INTO USUARIOINROLES VALUES ('eD0fMR3QsTsb9VpzD8z3','ESTUDIANTE');
INSERT INTO USUARIOINROLES VALUES ('q7i2CExAlTpHo5XN4CoK','ESTUDIANTE');
INSERT INTO USUARIOINROLES VALUES ('xMxZsmJFuMuKfijvtxuo','ESTUDIANTE');
INSERT INTO USUARIOINROLES VALUES ('O8hEZthrfjNoZSX87bcr','ESTUDIANTE');
INSERT INTO USUARIOINROLES VALUES ('5vzJYG6Vz2h72K9Gm04c','ESTUDIANTE');
INSERT INTO USUARIOINROLES VALUES ('RO3xANZB2hMoRFmMh5Lk','ESTUDIANTE');
INSERT INTO USUARIOINROLES VALUES ('FTioebpqFqbdYQGAhzHl','ESTUDIANTE');
INSERT INTO USUARIOINROLES VALUES ('K9V8HWlsFGozu9JKYi9F','ESTUDIANTE');
INSERT INTO USUARIOINROLES VALUES ('B48FRUGkhu4l7hlDb6LK','ESTUDIANTE');
INSERT INTO USUARIOINROLES VALUES ('QzdJhY2JYRkd4GLkLrNn','ESTUDIANTE');
INSERT INTO USUARIOINROLES VALUES ('aLQZ9XpmTfWNVgJ8CYKo','ESTUDIANTE');
INSERT INTO USUARIOINROLES VALUES ('X78VrBQKMCFNwoLZDpH3','ESTUDIANTE');
INSERT INTO USUARIOINROLES VALUES ('pJgQH2oLYKN9WXTZVBFm','ESTUDIANTE');
INSERT INTO USUARIOINROLES VALUES ('oL9QZKVTB8XWJYpFNHMg','ESTUDIANTE');
INSERT INTO USUARIOINROLES VALUES ('T9WJXQZKNV8LYpFMBGo2','LABORATORISTA');
INSERT INTO USUARIOINROLES VALUES ('JXQZKNVT9W8YpFLBMGo2','LABORATORISTA');
INSERT INTO USUARIOINROLES VALUES ('ZKNVTJXQW9Y8pFLMBGo2','LABORATORISTA');
INSERT INTO USUARIOINROLES VALUES ('KNVTJXQZ9W8YpFLMBGo2','LABORATORISTA');
INSERT INTO USUARIOINROLES VALUES ('VTJXQZKN9W8YpFLMBGo2','LABORATORISTA');
INSERT INTO USUARIOINROLES VALUES ('XQZKNVTJ9W8YpFLMBGo2','LABORATORISTA');
INSERT INTO USUARIOINROLES VALUES ('QZKNVTJX9W8YpFLMBGo2','LABORATORISTA');
INSERT INTO USUARIOINROLES VALUES ('J8KNVZXTQWLFpgoYMB29','LABORATORISTA');
INSERT INTO USUARIOINROLES VALUES ('9XQZKNVTJ8WYLpFMBGo2','LABORATORISTA');
INSERT INTO USUARIOINROLES VALUES ('KVT9WJXQZ8NYpLFBGM2o','LABORATORISTA');

-- Insertar registros en la tabla 'SIG_AREAC'
INSERT INTO SIG_AREAC VALUES ('01', 'UNESCO', 'EDUCACIÓN');
INSERT INTO SIG_AREAC VALUES ('02', 'UNESCO', 'ARTES Y HUMANIDADES');
INSERT INTO SIG_AREAC VALUES ('03', 'UNESCO', 'CIENCIAS SOCIALES, PERIODISMO, INFORMACIÓN');
INSERT INTO SIG_AREAC VALUES ('04', 'UNESCO', 'ADMINISTRACIÓN DE EMPRESAS Y DERECHO');
INSERT INTO SIG_AREAC VALUES ('05', 'UNESCO', 'CIENCIAS NATURALES, MATEMÁTICAS Y ESTADÍSTICA');
INSERT INTO SIG_AREAC VALUES ('06', 'UNESCO', 'TECNOLOGÍAS DE LA INFORMACIÓN Y LA COMUNICACIÓN (TIC)');
INSERT INTO SIG_AREAC VALUES ('07', 'UNESCO', 'INGENIERÍA, INDUSTRIA Y CONSTRUCCIÓN');
INSERT INTO SIG_AREAC VALUES ('08', 'UNESCO', 'AGRICULTURA, SILVICULTURA, PESCA Y VETERINARIA');
INSERT INTO SIG_AREAC VALUES ('09', 'UNESCO', 'SALUD Y BIENESTAR');
INSERT INTO SIG_AREAC VALUES ('10', 'UNESCO', 'SERVICIOS');
INSERT INTO SIG_AREAC VALUES ('99', 'UNESCO', 'INDEFINIDO');

-- Insertar registros en la tabla 'sede'
INSERT INTO UB_SEDES VALUES ('EMANA','La Mana', 'E');
INSERT INTO UB_SEDES VALUES ('EPUJI','Pujili', 'E');
INSERT INTO UB_SEDES VALUES ('MUTC','Latacunga', 'M');

-- Insertar registros en la tabla 'facultad'
INSERT INTO UB_FACULTADES VALUES ('EMANA', 'CAREN', 'LM CIENCIAS AGROPECUARIAS Y RECURSOS NATURALES');
INSERT INTO UB_FACULTADES VALUES ('EMANA', 'CCAA', 'LM CIENCIAS ADMINISTRATIVAS');
INSERT INTO UB_FACULTADES VALUES ('EMANA', 'CCHH', 'LM CIENCIAS SOCIALES ARTES Y EDUCACIÓN');
INSERT INTO UB_FACULTADES VALUES ('EMANA', 'CIYA', 'LM CIENCIAS DE LA INGENIERÍA Y APLICADAS');
INSERT INTO UB_FACULTADES VALUES ('EMANA', 'IDIOMAS', 'LM DEPARTAMENTO DE IDIOMAS');
INSERT INTO UB_FACULTADES VALUES ('EMANA', 'POSG', 'LM POSGRADOS');
INSERT INTO UB_FACULTADES VALUES ('EPUJI', 'CCHH', 'PU CIENCIAS SOCIALES ARTES Y EDUCACIÓN');
INSERT INTO UB_FACULTADES VALUES ('MUTC', 'CAREN', 'CIENCIAS AGROPECUARIAS Y RECURSOS NATURALES');
INSERT INTO UB_FACULTADES VALUES ('MUTC', 'CCAA', 'CIENCIAS ADMINISTRATIVAS');
INSERT INTO UB_FACULTADES VALUES ('MUTC', 'CCHH', 'CIENCIAS SOCIALES ARTES Y EDUCACIÓN');
INSERT INTO UB_FACULTADES VALUES ('MUTC', 'CIYA', 'CIENCIAS DE LA INGENIERÍA Y APLICADAS');
INSERT INTO UB_FACULTADES VALUES ('MUTC', 'IDIOMAS', 'DEPARTAMENTO DE IDIOMAS');
INSERT INTO UB_FACULTADES VALUES ('MUTC', 'POSG', 'POSGRADO');

-- Insertar registros en la tabla 'PERSONAL'
INSERT INTO PERSONAL VALUES ('1723456789', 'Xavier Andrade', 'user-man.jpeg', 'xavier.andrade@utc.edu.ec', 'pass7484');
INSERT INTO PERSONAL VALUES ('1806789012', 'Ulises Vargas', 'user-man.jpeg', 'ulises.vargas@utc.edu.ec', 'pass3444');
INSERT INTO PERSONAL VALUES ('1103456789', 'Teresa Castillo', 'user-woman.jpeg', 'teresa.castillo@utc.edu.ec', 'pass1424');
INSERT INTO PERSONAL VALUES ('1208901234', 'Sergio Blanco', 'user-man.jpeg', 'sergio.blanco@utc.edu.ec', 'pass9404');
INSERT INTO PERSONAL VALUES ('1005678901', 'Rosa Alvarez', 'user-woman.jpeg', 'rosa.alvarez@utc.edu.ec', 'pass7383');
INSERT INTO PERSONAL VALUES ('0602345678', 'Quinto Torres', 'user-man.jpeg', 'quinto.torres@utc.edu.ec', 'pass5363');
INSERT INTO PERSONAL VALUES ('1704443332', 'Ana Fernández', 'user-woman.jpeg', 'ana.fernandez@utc.edu.ec', '444333222');
INSERT INTO PERSONAL VALUES ('0909012345', 'Pedro Silva', 'user-woman.jpeg', 'pedro.silva@utc.edu.ec', 'pass3343');
INSERT INTO PERSONAL VALUES ('0206789123', 'Oscar Rojas', 'user-man.jpeg', 'oscar.rojas@utc.edu.ec', 'pass1323');
INSERT INTO PERSONAL VALUES ('0508904567', 'Fernanda Ibarra', 'user-woman.jpeg', 'fernanda.ibarra@utc.edu.ec', 'pass3646');
INSERT INTO PERSONAL VALUES ('1501112223', 'Luis Martínez', 'user-man.jpeg', 'luis.martinez@utc.edu.ec', '111222333');
INSERT INTO PERSONAL VALUES ('0709998887', 'Carlos López', 'user-man.jpeg', 'carlos.lopez@utc.edu.ec', 'mysecretword');
INSERT INTO PERSONAL VALUES ('0402345678', 'Laura Diaz', 'user-woman.jpeg', 'laura.diaz@utc.edu.ec', 'pass1121');
INSERT INTO PERSONAL VALUES ('0305678901', 'Elena Rodriguez', 'user-woman.jpeg', 'elena.rodriguez@utc.edu.ec', 'pass3141');
INSERT INTO PERSONAL VALUES ('0808901234', 'Francisco Martinez', 'user-man.jpeg', 'francisco.martinez@utc.edu.ec', 'pass5161');
INSERT INTO PERSONAL VALUES ('1903456789', 'Gabriela Sanchez', 'user-woman.jpeg', 'gabriela.sanchez@utc.edu.ec', 'pass7181');
INSERT INTO PERSONAL VALUES ('1406789012', 'Hector Torres', 'user-man.jpeg', 'hector.torres@utc.edu.ec', 'pass9202');
INSERT INTO PERSONAL VALUES ('1309012345', 'Isabel Vargas', 'user-woman.jpeg', 'isabel.vargas@utc.edu.ec', 'pass1222');
INSERT INTO PERSONAL VALUES ('0202345678', 'Jose Ramirez', 'user-man.jpeg', 'jose.ramirez@utc.edu.ec', 'pass3242');
INSERT INTO PERSONAL VALUES ('0105678901', 'Karla Suarez', 'user-woman.jpeg', 'karla.suarez@utc.edu.ec', 'pass5262');
INSERT INTO PERSONAL VALUES ('2008901234', 'Luis Morales', 'user-man.jpeg', 'luis.morales@utc.edu.ec', 'pass7282');
INSERT INTO PERSONAL VALUES ('1721895181', 'Rene Quisaguano', 'user-man.jpeg', 'luis.quisaguano1@utc.edu.ec', '1721895181');
-- estudiantes
INSERT INTO PERSONAL VALUES ('2103456789', 'Natalia Paredes', 'user-woman.jpeg', 'natalia.paredes@utc.edu.ec', 'pass9303');
INSERT INTO PERSONAL VALUES ('2207890123', 'Carlos Perez', 'user-man.jpeg', 'carlos.perez@utc.edu.ec', 'pass9101');
INSERT INTO PERSONAL VALUES ('2304567890', 'María Rodríguez', 'user-woman.jpeg', 'maria.rodriguez@utc.edu.ec', 'securepass123');
INSERT INTO PERSONAL VALUES ('2401234567', 'Ana García', 'user-woman.jpeg', 'ana.garcia@utc.edu.ec', 'pass1234');
INSERT INTO PERSONAL VALUES ('2509876543', 'Pedro Martínez', 'user-man.jpeg', 'pedro.martinez@utc.edu.ec', 'strongpass789');
INSERT INTO PERSONAL VALUES ('2606543210', 'Juan Alvarez', 'user-man.jpeg', 'juan.alvarez@utc.edu.ec', 'pass1234');
INSERT INTO PERSONAL VALUES ('2703210987', 'Maria Benitez', 'user-woman.jpeg', 'maria.benitez@utc.edu.ec', 'pass5678');
INSERT INTO PERSONAL VALUES ('2801987654', 'Juan Pérez', 'user-man.jpeg', 'juan.perez@utc.edu.ec', '123456789');
INSERT INTO PERSONAL VALUES ('2908765432', 'María González', 'user-woman.jpeg', 'maria.gonzalez@utc.edu.ec', '987654321');
INSERT INTO PERSONAL VALUES ('3005556667', 'Carlos Ramírez', 'user-man.jpeg', 'carlos.ramirez@utc.edu.ec', '555666777');
INSERT INTO PERSONAL VALUES ('3101234567', 'Julia Pérez', 'user-woman.jpeg', 'julia.perez@utc.edu.ec', '123456789');
INSERT INTO PERSONAL VALUES ('3202345678', 'Luis Rodríguez', 'user-man.jpeg', 'luis.rodriguez@utc.edu.ec', '234567890');
INSERT INTO PERSONAL VALUES ('3303456789', 'Marta Blanco', 'user-woman.jpeg', 'marta.blanco@utc.edu.ec', '345678901');
INSERT INTO PERSONAL VALUES ('3404567890', 'Juan Sánchez', 'user-man.jpeg', 'juan.sanchez@utc.edu.ec', '456789012');
INSERT INTO PERSONAL VALUES ('3505678901', 'Ana Silva', 'user-woman.jpeg', 'ana.silva@utc.edu.ec', '567890123');
INSERT INTO PERSONAL VALUES ('3606789012', 'Mario Castro', 'user-man.jpeg', 'mario.castro@utc.edu.ec', '678901234');
INSERT INTO PERSONAL VALUES ('3707890123', 'Valeria Morales', 'user-woman.jpeg', 'valeria.morales@utc.edu.ec', '789012345');
INSERT INTO PERSONAL VALUES ('3802345678', 'María Gómez', 'user-woman.jpeg', 'maria.gomez@utc.edu.ec', '234567890');
INSERT INTO PERSONAL VALUES ('3903456789', 'Luis Fernández', 'user-man.jpeg', 'luis.fernandez@utc.edu.ec', '345678901');
INSERT INTO PERSONAL VALUES ('4004567890', 'Ana Castillo', 'user-woman.jpeg', 'ana.castillo@utc.edu.ec', '456789012');
-- laboratoristas
INSERT INTO PERSONAL VALUES ('1756789012', 'Carlos Pérez', 'user-man.jpeg', 'carlos.perez2@utc.edu.ec', 'pass5678');
INSERT INTO PERSONAL VALUES ('1204567890', 'María López', 'user-woman.jpeg', 'maria.lopez@utc.edu.ec', 'pass3245');
INSERT INTO PERSONAL VALUES ('0987654321', 'Juan Rodríguez', 'user-man.jpeg', 'juan.rodriguez@utc.edu.ec', 'pass9876');
INSERT INTO PERSONAL VALUES ('1345678901', 'Ana Fernández', 'user-woman.jpeg', 'ana.fernandez2@utc.edu.ec', 'pass4567');
INSERT INTO PERSONAL VALUES ('1856789012', 'Pedro Sánchez', 'user-man.jpeg', 'pedro.sanchez@utc.edu.ec', 'pass8523');
INSERT INTO PERSONAL VALUES ('1654327890', 'Lucía Gómez', 'user-woman.jpeg', 'lucia.gomez@utc.edu.ec', 'pass2698');
INSERT INTO PERSONAL VALUES ('1432567890', 'Fernando Ruiz', 'user-man.jpeg', 'fernando.ruiz@utc.edu.ec', 'pass1347');
INSERT INTO PERSONAL VALUES ('1789054321', 'Andrea Torres', 'user-woman.jpeg', 'andrea.torres@utc.edu.ec', 'pass7865');
INSERT INTO PERSONAL VALUES ('1908765432', 'Diego Herrera', 'user-man.jpeg', 'diego.herrera@utc.edu.ec', 'pass9204');
INSERT INTO PERSONAL VALUES ('1556789023', 'Sofía Ramírez', 'user-woman.jpeg', 'sofia.ramirez@utc.edu.ec', 'pass3782');

-- Insertar registros en la tabla 'CARRERA'
INSERT INTO UB_CARRERAS VALUES ('EMANA', 'CAREN', 'LMIAGR', 'AGRONOMÍA');
INSERT INTO UB_CARRERAS VALUES ('EMANA', 'CAREN', 'LMIAID', 'AGROINDUSTRIA');
INSERT INTO UB_CARRERAS VALUES ('EMANA', 'CAREN', 'LMIECT', 'TURISMO');
INSERT INTO UB_CARRERAS VALUES ('EMANA', 'CAREN', 'LMLECTH', 'TURISMO (Hibrida)');
INSERT INTO UB_CARRERAS VALUES ('EMANA', 'CCAA', 'LMICOA', 'CONTABILIDAD Y AUDITORÍA (Híbrida)');
INSERT INTO UB_CARRERAS VALUES ('EMANA', 'CCAA', 'LMICOM', 'ADMINISTRACIÓN DE EMPRESAS');
INSERT INTO UB_CARRERAS VALUES ('EMANA', 'CIYA', 'LMIELM', 'ELECTROMECÁNICA');
INSERT INTO UB_CARRERAS VALUES ('EMANA', 'CIYA', 'LMIISC', 'SISTEMAS DE INFORMACIÓN');
INSERT INTO UB_CARRERAS VALUES ('EMANA', 'IDIOMAS', 'LMSING', 'SUFICIENCIA EN INGLÉS');
INSERT INTO UB_CARRERAS VALUES ('EPUJI', 'CCHH', 'PULEDB', 'EDUCACIÓN BÁSICA');
INSERT INTO UB_CARRERAS VALUES ('EPUJI', 'CCHH', 'PULING', 'PEDAGOGÍA DE LOS IDIOMAS NACIONALES Y EXTRANJEROS');
INSERT INTO UB_CARRERAS VALUES ('EPUJI', 'CCHH', 'PULLEN', 'PEDAGOGÍA DE LA LENGUA Y LA LITERATURA');
INSERT INTO UB_CARRERAS VALUES ('EPUJI', 'CCHH', 'PULMAT', 'PEDAGOGÍA DE LAS CIENCIAS EXPERIMENTALES');
INSERT INTO UB_CARRERAS VALUES ('EPUJI', 'CCHH', 'PULPAR', 'EDUCACIÓN INICIAL');
INSERT INTO UB_CARRERAS VALUES ('MUTC', 'CAREN', 'IAGP', 'AGROPECUARIA');
INSERT INTO UB_CARRERAS VALUES ('MUTC', 'CAREN', 'IAGR', 'AGRONOMÍA');
INSERT INTO UB_CARRERAS VALUES ('MUTC', 'CAREN', 'IAID', 'AGROINDUSTRIA');
INSERT INTO UB_CARRERAS VALUES ('MUTC', 'CAREN', 'IBIO', 'BIOTECNOLOGÍA');
INSERT INTO UB_CARRERAS VALUES ('MUTC', 'CAREN', 'IECT', 'TURISMO');
INSERT INTO UB_CARRERAS VALUES ('MUTC', 'CAREN', 'IMAM', 'INGENIERIA AMBIENTAL');
INSERT INTO UB_CARRERAS VALUES ('MUTC', 'CAREN', 'LECTH', 'TURISMO (Hibrida)');
INSERT INTO UB_CARRERAS VALUES ('MUTC', 'CAREN', 'MVEZ', 'MEDICINA VETERINARIA');
INSERT INTO UB_CARRERAS VALUES ('MUTC', 'CCAA', 'ICOA', 'CONTABILIDAD Y AUDITORÍA');
INSERT INTO UB_CARRERAS VALUES ('MUTC', 'CCAA', 'ICOM', 'ADMINISTRACIÓN DE EMPRESAS');
INSERT INTO UB_CARRERAS VALUES ('MUTC', 'CCAA', 'LECO', 'ECONOMÍA');
INSERT INTO UB_CARRERAS VALUES ('MUTC', 'CCAA', 'LFIN', 'FIANZAS');
INSERT INTO UB_CARRERAS VALUES ('MUTC', 'CCAA', 'LFINL', 'FINANZAS (En linea)');
INSERT INTO UB_CARRERAS VALUES ('MUTC', 'CCAA', 'LGTH', 'GESTIÓN DEL TALENTO HUMANO');
INSERT INTO UB_CARRERAS VALUES ('MUTC', 'CCAA', 'LMDT', 'MERCADOTECNIA O MARKETING');
INSERT INTO UB_CARRERAS VALUES ('MUTC', 'CCAA', 'LSEG', 'GESTIÓN DE LA INFORMACIÓN GERENCIAL');
INSERT INTO UB_CARRERAS VALUES ('MUTC', 'CCHH', 'IDIG', 'DISEÑO GRÁFICO');
INSERT INTO UB_CARRERAS VALUES ('MUTC', 'CCHH', 'LANI', 'ANIMACIÓN DIGITAL');
INSERT INTO UB_CARRERAS VALUES ('MUTC', 'CCHH', 'LCSO', 'COMUNICACIÓN');
INSERT INTO UB_CARRERAS VALUES ('MUTC', 'CCHH', 'LDIG', 'DISEÑO GRÁFICO INTERACTIVO');
INSERT INTO UB_CARRERAS VALUES ('MUTC', 'CCHH', 'LEDB', 'CIENCIAS DE LA EDUCACIÓN MENCIÓN EDUCACION BÁSICA');
INSERT INTO UB_CARRERAS VALUES ('MUTC', 'CCHH', 'LING', 'PEDAGOGÍA DE LOS IDIOMAS NACIONALES Y EXTRANJEROS');
INSERT INTO UB_CARRERAS VALUES ('MUTC', 'CCHH', 'LPAR', 'CIENCIAS DE LA EDUCACIÓN MENCIÓN EDUCACIÓN INICIAL');
INSERT INTO UB_CARRERAS VALUES ('MUTC', 'CCHH', 'LPSO', 'PSICOLOGÍA SOCIAL');
INSERT INTO UB_CARRERAS VALUES ('MUTC', 'CCHH', 'LTSO', 'TRABAJO SOCIAL');
INSERT INTO UB_CARRERAS VALUES ('MUTC', 'CIYA', 'IELE', 'ELECTRICIDAD');
INSERT INTO UB_CARRERAS VALUES ('MUTC', 'CIYA', 'IELM', 'ELECTROMECÁNICA');
INSERT INTO UB_CARRERAS VALUES ('MUTC', 'CIYA', 'IHID', 'HIDRAULICA');
INSERT INTO UB_CARRERAS VALUES ('MUTC', 'CIYA', 'IIND', 'INGENIERÍA INDUSTRIAL');
INSERT INTO UB_CARRERAS VALUES ('MUTC', 'CIYA', 'IISC', 'SISTEMAS DE INFORMACIÓN');
INSERT INTO UB_CARRERAS VALUES ('MUTC', 'CIYA', 'ISOF', 'SOFTWARE');
INSERT INTO UB_CARRERAS VALUES ('MUTC', 'IDIOMAS', 'SALE', 'SUFICIENCIA EN ALEMÁN');
INSERT INTO UB_CARRERAS VALUES ('MUTC', 'IDIOMAS', 'SFRA', 'SUFICIENCIA EN FRANCÉS');
INSERT INTO UB_CARRERAS VALUES ('MUTC', 'IDIOMAS', 'SING', 'SUFICIENCIA EN INGLÉS');
INSERT INTO UB_CARRERAS VALUES ('MUTC', 'IDIOMAS', 'SITA', 'SUFICIENCIA EN ITALIANO');
INSERT INTO UB_CARRERAS VALUES ('MUTC', 'IDIOMAS', 'SMAN', 'SUFICIENCIA MANDARIN');
INSERT INTO UB_CARRERAS VALUES ('MUTC', 'IDIOMAS', 'SQUI', 'SUFICIENCIA EN QUICHUA');

-- Insertar registros en la tabla 'PERIODO'
select * from SIG_PERIODOS
INSERT INTO SIG_PERIODOS VALUES('42_EMANA_CAREN_LMIAGR', 42, 16, '2024-10-21', '2025-02-24', 'LMIAGR', 'CAREN', 'EMANA');
INSERT INTO SIG_PERIODOS VALUES('42_EMANA_CAREN_LMIAID', 42, 16, '2024-10-21', '2025-02-24', 'LMIAID', 'CAREN', 'EMANA');
INSERT INTO SIG_PERIODOS VALUES('42_EMANA_CAREN_LMIECT', 42, 16, '2024-10-21', '2025-02-24', 'LMIECT', 'CAREN', 'EMANA');
INSERT INTO SIG_PERIODOS VALUES('42_EMANA_CAREN_LMLECTH', 42, 16, '2024-10-21', '2025-02-24', 'LMLECTH', 'CAREN', 'EMANA');
INSERT INTO SIG_PERIODOS VALUES('42_EMANA_CCAA_LMICOA', 42, 16, '2024-10-21', '2025-02-24', 'LMICOA', 'CCAA', 'EMANA');
INSERT INTO SIG_PERIODOS VALUES('42_EMANA_CCAA_LMICOM', 42, 16, '2024-10-21', '2025-02-24', 'LMICOM', 'CCAA', 'EMANA');
INSERT INTO SIG_PERIODOS VALUES('42_EMANA_CIYA_LMIELM', 42, 16, '2024-10-21', '2025-02-24', 'LMIELM', 'CIYA', 'EMANA');
INSERT INTO SIG_PERIODOS VALUES('42_EMANA_CIYA_LMIISC', 42, 16, '2024-10-21', '2025-02-24', 'LMIISC', 'CIYA', 'EMANA');
INSERT INTO SIG_PERIODOS VALUES('42_EMANA_IDIOMAS_LMSING', 42, 16, '2024-10-21', '2025-02-24', 'LMSING', 'IDIOMAS', 'EMANA');
INSERT INTO SIG_PERIODOS VALUES('42_EPUJI_CCHH_PULEDB', 42, 16, '2024-10-21', '2025-02-24', 'PULEDB', 'CCHH', 'EPUJI');
INSERT INTO SIG_PERIODOS VALUES('42_EPUJI_CCHH_PULING', 42, 16, '2024-10-21', '2025-02-24', 'PULING', 'CCHH', 'EPUJI');
INSERT INTO SIG_PERIODOS VALUES('42_EPUJI_CCHH_PULLEN', 42, 16, '2024-10-21', '2025-02-24', 'PULLEN', 'CCHH', 'EPUJI');
INSERT INTO SIG_PERIODOS VALUES('42_EPUJI_CCHH_PULMAT', 42, 16, '2024-10-21', '2025-02-24', 'PULMAT', 'CCHH', 'EPUJI');
INSERT INTO SIG_PERIODOS VALUES('42_EPUJI_CCHH_PULPAR', 42, 16, '2024-10-21', '2025-02-24', 'PULPAR', 'CCHH', 'EPUJI');
INSERT INTO SIG_PERIODOS VALUES('42_MUTC_CAREN_IAGP', 42, 16, '2024-10-21', '2025-02-24', 'IAGP', 'CAREN', 'MUTC');
INSERT INTO SIG_PERIODOS VALUES('42_MUTC_CAREN_IAGR', 42, 16, '2024-10-21', '2025-02-24', 'IAGR', 'CAREN', 'MUTC');
INSERT INTO SIG_PERIODOS VALUES('42_MUTC_CAREN_IAID', 42, 16, '2024-10-21', '2025-02-24', 'IAID', 'CAREN', 'MUTC');
INSERT INTO SIG_PERIODOS VALUES('42_MUTC_CAREN_IBIO', 42, 16, '2024-10-21', '2025-02-24', 'IBIO', 'CAREN', 'MUTC');
INSERT INTO SIG_PERIODOS VALUES('42_MUTC_CAREN_IECT', 42, 16, '2024-10-21', '2025-02-24', 'IECT', 'CAREN', 'MUTC');
INSERT INTO SIG_PERIODOS VALUES('42_MUTC_CAREN_IMAM', 42, 16, '2024-10-21', '2025-02-24', 'IMAM', 'CAREN', 'MUTC');
INSERT INTO SIG_PERIODOS VALUES('42_MUTC_CAREN_LECTH', 42, 16, '2024-10-21', '2025-02-24', 'LECTH', 'CAREN', 'MUTC');
INSERT INTO SIG_PERIODOS VALUES('42_MUTC_CAREN_MVEZ', 42, 16, '2024-10-21', '2025-02-24', 'MVEZ', 'CAREN', 'MUTC');
INSERT INTO SIG_PERIODOS VALUES('42_MUTC_CCAA_ICOA', 42, 16, '2024-10-21', '2025-02-24', 'ICOA', 'CCAA', 'MUTC');
INSERT INTO SIG_PERIODOS VALUES('42_MUTC_CCAA_ICOM', 42, 16, '2024-10-21', '2025-02-24', 'ICOM', 'CCAA', 'MUTC');
INSERT INTO SIG_PERIODOS VALUES('42_MUTC_CCAA_LECO', 42, 16, '2024-10-21', '2025-02-24', 'LECO', 'CCAA', 'MUTC');
INSERT INTO SIG_PERIODOS VALUES('42_MUTC_CCAA_LFIN', 42, 16, '2024-10-21', '2025-02-24', 'LFIN', 'CCAA', 'MUTC');
INSERT INTO SIG_PERIODOS VALUES('42_MUTC_CCAA_LFINL', 42, 16, '2024-10-21', '2025-02-24', 'LFINL', 'CCAA', 'MUTC');
INSERT INTO SIG_PERIODOS VALUES('42_MUTC_CCAA_LGTH', 42, 16, '2024-10-21', '2025-02-24', 'LGTH', 'CCAA', 'MUTC');
INSERT INTO SIG_PERIODOS VALUES('42_MUTC_CCAA_LMDT', 42, 16, '2024-10-21', '2025-02-24', 'LMDT', 'CCAA', 'MUTC');
INSERT INTO SIG_PERIODOS VALUES('42_MUTC_CCAA_LSEG', 42, 16, '2024-10-21', '2025-02-24', 'LSEG', 'CCAA', 'MUTC');
INSERT INTO SIG_PERIODOS VALUES('42_MUTC_CCHH_IDIG', 42, 16, '2024-10-21', '2025-02-24', 'IDIG', 'CCHH', 'MUTC');
INSERT INTO SIG_PERIODOS VALUES('42_MUTC_CCHH_LANI', 42, 16, '2024-10-21', '2025-02-24', 'LANI', 'CCHH', 'MUTC');
INSERT INTO SIG_PERIODOS VALUES('42_MUTC_CCHH_LCSO', 42, 16, '2024-10-21', '2025-02-24', 'LCSO', 'CCHH', 'MUTC');
INSERT INTO SIG_PERIODOS VALUES('42_MUTC_CCHH_LDIG', 42, 16, '2024-10-21', '2025-02-24', 'LDIG', 'CCHH', 'MUTC');
INSERT INTO SIG_PERIODOS VALUES('42_MUTC_CCHH_LEDB', 42, 16, '2024-10-21', '2025-02-24', 'LEDB', 'CCHH', 'MUTC');
INSERT INTO SIG_PERIODOS VALUES('42_MUTC_CCHH_LING', 42, 16, '2024-10-21', '2025-02-24', 'LING', 'CCHH', 'MUTC');
INSERT INTO SIG_PERIODOS VALUES('42_MUTC_CCHH_LPAR', 42, 16, '2024-10-21', '2025-02-24', 'LPAR', 'CCHH', 'MUTC');
INSERT INTO SIG_PERIODOS VALUES('42_MUTC_CCHH_LPSO', 42, 16, '2024-10-21', '2025-02-24', 'LPSO', 'CCHH', 'MUTC');
INSERT INTO SIG_PERIODOS VALUES('42_MUTC_CCHH_LTSO', 42, 16, '2024-10-21', '2025-02-24', 'LTSO', 'CCHH', 'MUTC');
INSERT INTO SIG_PERIODOS VALUES('42_MUTC_CIYA_IELE', 42, 16, '2024-10-21', '2025-02-24', 'IELE', 'CIYA', 'MUTC');
INSERT INTO SIG_PERIODOS VALUES('42_MUTC_CIYA_IELM', 42, 16, '2024-10-21', '2025-02-24', 'IELM', 'CIYA', 'MUTC');
INSERT INTO SIG_PERIODOS VALUES('42_MUTC_CIYA_IHID', 42, 16, '2024-10-21', '2025-02-24', 'IHID', 'CIYA', 'MUTC');
INSERT INTO SIG_PERIODOS VALUES('42_MUTC_CIYA_IIND', 42, 16, '2024-10-21', '2025-02-24', 'IIND', 'CIYA', 'MUTC');
INSERT INTO SIG_PERIODOS VALUES('42_MUTC_CIYA_IISC', 42, 16, '2024-10-21', '2025-02-24', 'IISC', 'CIYA', 'MUTC');
INSERT INTO SIG_PERIODOS VALUES('42_MUTC_CIYA_ISOF', 42, 16, '2024-10-21', '2025-02-24', 'ISOF', 'CIYA', 'MUTC');
INSERT INTO SIG_PERIODOS VALUES('42_MUTC_IDIOMAS_SALE', 42, 16, '2024-10-21', '2025-02-24', 'SALE', 'IDIOMAS', 'MUTC');
INSERT INTO SIG_PERIODOS VALUES('42_MUTC_IDIOMAS_SFRA', 42, 16, '2024-10-21', '2025-02-24', 'SFRA', 'IDIOMAS', 'MUTC');
INSERT INTO SIG_PERIODOS VALUES('42_MUTC_IDIOMAS_SING', 42, 16, '2024-10-21', '2025-02-24', 'SING', 'IDIOMAS', 'MUTC');
INSERT INTO SIG_PERIODOS VALUES('42_MUTC_IDIOMAS_SITA', 42, 16, '2024-10-21', '2025-02-24', 'SITA', 'IDIOMAS', 'MUTC');
INSERT INTO SIG_PERIODOS VALUES('42_MUTC_IDIOMAS_SMAN', 42, 16, '2024-10-21', '2025-02-24', 'SMAN', 'IDIOMAS', 'MUTC');
INSERT INTO SIG_PERIODOS VALUES('42_MUTC_IDIOMAS_SQUI', 42, 16, '2024-10-21', '2025-02-24', 'SQUI', 'IDIOMAS', 'MUTC');

-- Insertar registros en la tabla 'CURSO'
INSERT INTO AC_CURSOS VALUES('42_EMANA_CAREN_LMIAGR_1_A_M6', 1, 'A', '42_EMANA_CAREN_LMIAGR');
INSERT INTO AC_CURSOS VALUES('42_EMANA_CAREN_LMIAGR_1_B_M6', 1, 'B', '42_EMANA_CAREN_LMIAGR');
INSERT INTO AC_CURSOS VALUES('42_EMANA_CAREN_LMIAGR_2_A_M6', 2, 'A', '42_EMANA_CAREN_LMIAGR');
INSERT INTO AC_CURSOS VALUES('42_EMANA_CAREN_LMIAGR_3_A_M6', 3, 'A', '42_EMANA_CAREN_LMIAGR');
INSERT INTO AC_CURSOS VALUES('42_EMANA_CCAA_LMICOA_4_A_M6', 4, 'A', '42_EMANA_CCAA_LMICOA');
INSERT INTO AC_CURSOS VALUES('42_EMANA_CCAA_LMICOA_5_A_M6', 5, 'A', '42_EMANA_CCAA_LMICOA');
INSERT INTO AC_CURSOS VALUES('42_EMANA_CIYA_LMIELM_6_A_M6', 6, 'A', '42_EMANA_CIYA_LMIELM');
INSERT INTO AC_CURSOS VALUES('42_EMANA_CIYA_LMIELM_7_A_M6', 7, 'A', '42_EMANA_CIYA_LMIELM');
INSERT INTO AC_CURSOS VALUES('42_EMANA_IDIOMAS_LMSING_1_A_M6', 1, 'A', '42_EMANA_IDIOMAS_LMSING');
INSERT INTO AC_CURSOS VALUES('42_EMANA_IDIOMAS_LMSING_2_A_M6', 2, 'A', '42_EMANA_IDIOMAS_LMSING');
INSERT INTO AC_CURSOS VALUES('42_EPUJI_CCHH_PULEDB_3_A_M6', 3, 'A', '42_EPUJI_CCHH_PULEDB');
INSERT INTO AC_CURSOS VALUES('42_EPUJI_CCHH_PULEDB_3_B_M6', 3, 'B', '42_EPUJI_CCHH_PULEDB');
INSERT INTO AC_CURSOS VALUES('42_EPUJI_CCHH_PULEDB_4_A_M6', 4, 'A', '42_EPUJI_CCHH_PULEDB');
INSERT INTO AC_CURSOS VALUES('42_EPUJI_CCHH_PULEDB_5_A_M6', 5, 'A', '42_EPUJI_CCHH_PULEDB');
INSERT INTO AC_CURSOS VALUES('42_EPUJI_CCHH_PULLEN_6_A_M6', 6, 'A', '42_EPUJI_CCHH_PULLEN');
INSERT INTO AC_CURSOS VALUES('42_EPUJI_CCHH_PULLEN_7_A_M6', 7, 'A', '42_EPUJI_CCHH_PULLEN');
INSERT INTO AC_CURSOS VALUES('42_EPUJI_CCHH_PULLEN_8_A_M6', 8, 'A', '42_EPUJI_CCHH_PULLEN');
INSERT INTO AC_CURSOS VALUES('42_EPUJI_CCHH_PULLEN_8_B_M6', 8, 'B', '42_EPUJI_CCHH_PULLEN');
INSERT INTO AC_CURSOS VALUES('42_EPUJI_CCHH_PULPAR_1_A_M6', 1, 'A', '42_EPUJI_CCHH_PULPAR');
INSERT INTO AC_CURSOS VALUES('42_EPUJI_CCHH_PULPAR_2_A_M6', 2, 'A', '42_EPUJI_CCHH_PULPAR');
INSERT INTO AC_CURSOS VALUES('42_MUTC_CAREN_IAGP_3_A_M6', 3, 'A', '42_MUTC_CAREN_IAGP');
INSERT INTO AC_CURSOS VALUES('42_MUTC_CAREN_IAGP_4_A_M6', 4, 'A', '42_MUTC_CAREN_IAGP');
INSERT INTO AC_CURSOS VALUES('42_MUTC_CAREN_IBIO_1_A_M6', 1, 'A', '42_MUTC_CAREN_IBIO');
INSERT INTO AC_CURSOS VALUES('42_MUTC_CAREN_IBIO_2_A_M6', 2, 'A', '42_MUTC_CAREN_IBIO');
INSERT INTO AC_CURSOS VALUES('42_MUTC_CAREN_MVEZ_3_A_M6', 3, 'A', '42_MUTC_CAREN_MVEZ');
INSERT INTO AC_CURSOS VALUES('42_MUTC_CAREN_MVEZ_4_A_M6', 4, 'A', '42_MUTC_CAREN_MVEZ');
INSERT INTO AC_CURSOS VALUES('42_MUTC_CAREN_IMAM_5_A_M6', 5, 'A', '42_MUTC_CAREN_IMAM');
INSERT INTO AC_CURSOS VALUES('42_MUTC_CAREN_IMAM_6_A_M6', 6, 'A', '42_MUTC_CAREN_IMAM');
INSERT INTO AC_CURSOS VALUES('42_MUTC_CCAA_ICOA_5_A_M6', 5, 'A', '42_MUTC_CCAA_ICOA');
INSERT INTO AC_CURSOS VALUES('42_MUTC_CCAA_ICOA_6_A_M6', 6, 'A', '42_MUTC_CCAA_ICOA');
INSERT INTO AC_CURSOS VALUES('42_MUTC_CIYA_IISC_7_A_M6', 7, 'A', '42_MUTC_CIYA_IISC');
INSERT INTO AC_CURSOS VALUES('42_MUTC_CIYA_IISC_6_A_M6', 6, 'A', '42_MUTC_CIYA_IISC');
INSERT INTO AC_CURSOS VALUES('42_MUTC_CIYA_IISC_2_A_M6', 2, 'A', '42_MUTC_CIYA_IISC');
INSERT INTO AC_CURSOS VALUES('42_MUTC_CIYA_IISC_8_A_M6', 8, 'A', '42_MUTC_CIYA_IHID');
INSERT INTO AC_CURSOS VALUES('42_MUTC_CIYA_IHID_1_A_M6', 1, 'A', '42_MUTC_CIYA_IHID');
INSERT INTO AC_CURSOS VALUES('42_MUTC_CIYA_ISOF_7_A_M6', 4, 'A', '42_MUTC_CIYA_ISOF');
INSERT INTO AC_CURSOS VALUES('42_MUTC_CIYA_ISOF_6_A_M6', 5, 'A', '42_MUTC_CIYA_ISOF');
INSERT INTO AC_CURSOS VALUES('42_MUTC_CIYA_IISC_2_A_M6', 2, 'A', '42_MUTC_CIYA_IISC');
INSERT INTO AC_CURSOS VALUES('42_MUTC_CIYA_IISC_8_A_M6', 8, 'A', '42_MUTC_CIYA_IISC');
INSERT INTO AC_CURSOS VALUES('42_MUTC_CCHH_LANI_1_A_M6', 1, 'A', '42_MUTC_CCHH_LANI');
INSERT INTO AC_CURSOS VALUES('42_MUTC_CCHH_LANI_2_A_M6', 2, 'A', '42_MUTC_CCHH_LANI');
INSERT INTO AC_CURSOS VALUES('42_MUTC_CCHH_IDIG_3_A_M6', 3, 'A', '42_MUTC_CCHH_IDIG');
INSERT INTO AC_CURSOS VALUES('42_MUTC_CCHH_IDIG_4_A_M6', 4, 'A', '42_MUTC_CCHH_IDIG');
INSERT INTO AC_CURSOS VALUES('42_MUTC_CCHH_LTSO_6_A_M6', 6, 'A', '42_MUTC_CCHH_LTSO');
INSERT INTO AC_CURSOS VALUES('42_MUTC_CCHH_LTSO_7_A_M6', 7, 'A', '42_MUTC_CCHH_LTSO');

-- Insertar registros en la tabla 'AC_MATRICULAC'
INSERT INTO AC_MATRICULAC VALUES('mat1', '2103456789', '42_MUTC_CIYA_IHID', 1);
INSERT INTO AC_MATRICULAC VALUES('mat2', '2207890123', '42_MUTC_CIYA_IHID', 1);
INSERT INTO AC_MATRICULAC VALUES('mat3', '2304567890', '42_MUTC_CIYA_ISOF', 4);
INSERT INTO AC_MATRICULAC VALUES('mat4', '2401234567', '42_MUTC_CIYA_ISOF', 5);
INSERT INTO AC_MATRICULAC VALUES('mat5', '2509876543', '42_MUTC_CIYA_IISC', 2);
INSERT INTO AC_MATRICULAC VALUES('mat6', '2606543210', '42_MUTC_CIYA_IISC', 8);
INSERT INTO AC_MATRICULAC VALUES('mat7', '2703210987', '42_MUTC_CCHH_LANI', 1);
INSERT INTO AC_MATRICULAC VALUES('mat8', '2801987654', '42_MUTC_CCHH_LANI', 2);
INSERT INTO AC_MATRICULAC VALUES('mat9', '2908765432', '42_MUTC_CCHH_IDIG', 3);
INSERT INTO AC_MATRICULAC VALUES('mat10', '3005556667', '42_MUTC_CCHH_IDIG', 4);
INSERT INTO AC_MATRICULAC VALUES('mat11', '3101234567', '42_MUTC_CCHH_LTSO', 6);
INSERT INTO AC_MATRICULAC VALUES('mat12', '3202345678', '42_MUTC_CCHH_LTSO', 7);
INSERT INTO AC_MATRICULAC VALUES('mat13', '3303456789', '42_MUTC_CAREN_IBIO', 1);
INSERT INTO AC_MATRICULAC VALUES('mat14', '3404567890', '42_MUTC_CAREN_IBIO', 2);
INSERT INTO AC_MATRICULAC VALUES('mat15', '3505678901', '42_MUTC_CAREN_MVEZ', 3);
INSERT INTO AC_MATRICULAC VALUES('mat16', '3606789012', '42_MUTC_CAREN_MVEZ', 4);
INSERT INTO AC_MATRICULAC VALUES('mat17', '3707890123', '42_MUTC_CAREN_IMAM', 5);
INSERT INTO AC_MATRICULAC VALUES('mat18', '3802345678', '42_MUTC_CAREN_IMAM', 6);
INSERT INTO AC_MATRICULAC VALUES('mat19', '3903456789', '42_EMANA_CIYA_LMIELM', 6);
INSERT INTO AC_MATRICULAC VALUES('mat20', '4004567890', '42_EMANA_CIYA_LMIELM', 6);
INSERT INTO AC_MATRICULAC VALUES('mat21', '3903456789', '42_EMANA_CIYA_LMIELM', 7);
INSERT INTO AC_MATRICULAC VALUES('mat22', '4004567890', '42_EMANA_CIYA_LMIELM', 7);

-- Insertar registros en la tabla MATERIAS
INSERT INTO MATERIAS VALUES('dist1', 'dist1', 'Matemáticas Básicas', 'MUTC', 'CIYA', 'IHID');
INSERT INTO MATERIAS VALUES('dist3', 'dist3', 'Física General', 'MUTC', 'CIYA', 'IHID');
INSERT INTO MATERIAS VALUES('dist4', 'dist4', 'Hidrología Básica', 'MUTC', 'CIYA', 'IHID');
INSERT INTO MATERIAS VALUES('dist5', 'dist5', 'Mecánica de Fluidos', 'MUTC', 'CIYA', 'IHID');
INSERT INTO MATERIAS VALUES('dist6', 'dist6', 'Modelos Hidráulicos', 'MUTC', 'CIYA', 'IHID');
INSERT INTO MATERIAS VALUES('dist7', 'dist7', 'Diseño de Canales', 'MUTC', 'CIYA', 'IHID');
INSERT INTO MATERIAS VALUES('dist8', 'dist8', 'Programación Orientada a Objetos', 'MUTC', 'CIYA', 'ISOF');
INSERT INTO MATERIAS VALUES('dist9', 'dist9', 'Ingeniería de Software', 'MUTC', 'CIYA', 'ISOF');
INSERT INTO MATERIAS VALUES('dist11', 'dist11', 'Base de Datos II', 'MUTC', 'CIYA', 'ISOF');
INSERT INTO MATERIAS VALUES('ISI07DESWEB', 'ISI07DESWEB', 'DESARROLLO Y APLICACIONES WEB', 'MUTC', 'CIYA', 'IISC');
INSERT INTO MATERIAS VALUES('ISIEC906', 'ISIEC906', 'ESTUDIO COMPLEXIVO DE LOS SISTEMAS DE INFORMACION', 'MUTC', 'CIYA', 'IISC');
INSERT INTO MATERIAS VALUES('ISIFS204', 'ISIFS204', 'FUNDAMENTOS DE LOS SISTEMAS DE INFORMACION', 'MUTC', 'CIYA', 'IISC');
INSERT INTO MATERIAS VALUES('ISISI805', 'ISISI805', 'SISTEMAS DE INFORMACION PARA LA INTELIGENCIA DE NEGOCIOS', 'MUTC', 'CIYA', 'IISC');
INSERT INTO MATERIAS VALUES('dist12', 'dist12', 'Circuitos Eléctricos I', 'MUTC', 'CIYA', 'IELM');
INSERT INTO MATERIAS VALUES('dist13', 'dist13', 'Electrónica Básica', 'MUTC', 'CIYA', 'IELM');
INSERT INTO MATERIAS VALUES('dist14', 'dist14', 'Sistemas de Potencia', 'MUTC', 'CIYA', 'IELM');
INSERT INTO MATERIAS VALUES('dist15', 'dist15', 'Diseño de Redes Eléctricas', 'MUTC', 'CIYA', 'IELM');
INSERT INTO MATERIAS VALUES('dist16', 'dist16', 'Introducción a la Animación', 'MUTC', 'CCHH', 'LANI');
INSERT INTO MATERIAS VALUES('dist17', 'dist17', 'Diseño Gráfico Básico', 'MUTC', 'CCHH', 'LANI');
INSERT INTO MATERIAS VALUES('dist18', 'dist18', 'Animación 2D', 'MUTC', 'CCHH', 'LANI');
INSERT INTO MATERIAS VALUES('dist19', 'dist19', 'Diseño y Modelado 3D', 'MUTC', 'CCHH', 'LANI');
INSERT INTO MATERIAS VALUES('dist20', 'dist20', 'Identidad Corporativa', 'MUTC', 'CCHH', 'IDIG');
INSERT INTO MATERIAS VALUES('dist21', 'dist21', 'Diseño Editorial', 'MUTC', 'CCHH', 'IDIG');
INSERT INTO MATERIAS VALUES('dist23', 'dist23', 'Diseño Publicitario', 'MUTC', 'CCHH', 'IDIG');
INSERT INTO MATERIAS VALUES('dist24', 'dist24', 'Animación Gráfica', 'MUTC', 'CCHH', 'IDIG');
INSERT INTO MATERIAS VALUES('dist25', 'dist25', 'Branding', 'MUTC', 'CCHH', 'IDIG');
INSERT INTO MATERIAS VALUES('dist26', 'dist26', 'Producción Audiovisual', 'MUTC', 'CCHH', 'IDIG');
INSERT INTO MATERIAS VALUES('dist27', 'dist27', 'Teoría del Trabajo Social', 'MUTC', 'CCHH', 'LTSO');
INSERT INTO MATERIAS VALUES('dist28', 'dist28', 'Políticas Sociales', 'MUTC', 'CCHH', 'LTSO');
INSERT INTO MATERIAS VALUES('dist29', 'dist29', 'Métodos de Investigación Social', 'MUTC', 'CCHH', 'LTSO');
INSERT INTO MATERIAS VALUES('dist30', 'dist30', 'Gestión de Proyectos Sociales', 'MUTC', 'CCHH', 'LTSO');
INSERT INTO MATERIAS VALUES('dist31', 'dist31', 'Ética Profesional', 'MUTC', 'CCHH', 'LTSO');
INSERT INTO MATERIAS VALUES('dist32', 'dist32', 'Prácticas Preprofesionales', 'MUTC', 'CCHH', 'LTSO');
INSERT INTO MATERIAS VALUES('dist35', 'dist35', 'Biología General', 'MUTC', 'CAREN', 'IBIO');
INSERT INTO MATERIAS VALUES('dist36', 'dist36', 'Química Orgánica', 'MUTC', 'CAREN', 'IBIO');
INSERT INTO MATERIAS VALUES('dist37', 'dist37', 'Microbiología', 'MUTC', 'CAREN', 'IBIO');
INSERT INTO MATERIAS VALUES('dist38', 'dist38', 'Bioquímica', 'MUTC', 'CAREN', 'IBIO');
INSERT INTO MATERIAS VALUES('dist39', 'dist39', 'Anatomía Animal', 'MUTC', 'CAREN', 'MVEZ');
INSERT INTO MATERIAS VALUES('dist40', 'dist40', 'Nutrición Animal', 'MUTC', 'CAREN', 'MVEZ');
INSERT INTO MATERIAS VALUES('dist41', 'dist41', 'Clínica Veterinaria', 'MUTC', 'CAREN', 'MVEZ');
INSERT INTO MATERIAS VALUES('dist42', 'dist42', 'Patología Animal', 'MUTC', 'CAREN', 'MVEZ');
INSERT INTO MATERIAS VALUES('dist43', 'dist43', 'Gestión Ambiental', 'MUTC', 'CAREN', 'IMAM');
INSERT INTO MATERIAS VALUES('dist44', 'dist44', 'Ecología Aplicada', 'MUTC', 'CAREN', 'IMAM');
INSERT INTO MATERIAS VALUES('dist45', 'dist45', 'Legislación Ambiental', 'MUTC', 'CAREN', 'IMAM');
INSERT INTO MATERIAS VALUES('dist46', 'dist46', 'Energías Renovables', 'MUTC', 'CAREN', 'IMAM');
INSERT INTO MATERIAS VALUES('dist47', 'dist47', 'Circuitos Eléctricos Avanzados', 'EMANA', 'CIYA', 'LMIELM');
INSERT INTO MATERIAS VALUES('dist49', 'dist49', 'Diseño Mecánico', 'EMANA', 'CIYA', 'LMIELM');
INSERT INTO MATERIAS VALUES('dist51', 'dist51', 'Máquinas Térmicas', 'EMANA', 'CIYA', 'LMIELM');
INSERT INTO MATERIAS VALUES('dist53', 'dist53', 'Instalaciones Industriales', 'EMANA', 'CIYA', 'LMIELM'); 

-- Insertar registros en la tabla AC_DISTRIBUTIVO
INSERT INTO AC_DISTRIBUTIVO VALUES('dist47', '42_EMANA_CIYA_LMIELM_6_A_M6', '1806789012');
INSERT INTO AC_DISTRIBUTIVO VALUES('dist49', '42_EMANA_CIYA_LMIELM_6_A_M6', '1103456789');
INSERT INTO AC_DISTRIBUTIVO VALUES('dist51', '42_EMANA_CIYA_LMIELM_7_A_M6', '1208901234');
INSERT INTO AC_DISTRIBUTIVO VALUES('dist53', '42_EMANA_CIYA_LMIELM_7_A_M6', '1005678901');
INSERT INTO AC_DISTRIBUTIVO VALUES('dist21', '42_MUTC_CCHH_IDIG_3_A_M6', '0808901234');
INSERT INTO AC_DISTRIBUTIVO VALUES('dist22', '42_MUTC_CCHH_IDIG_3_A_M6', '1903456789');
INSERT INTO AC_DISTRIBUTIVO VALUES('dist23', '42_MUTC_CCHH_IDIG_4_A_M6', '1406789012');
INSERT INTO AC_DISTRIBUTIVO VALUES('dist24', '42_MUTC_CCHH_IDIG_4_A_M6', '1309012345');
INSERT INTO AC_DISTRIBUTIVO VALUES('dist16', '42_MUTC_CCHH_LANI_1_A_M6', '0202345678');
INSERT INTO AC_DISTRIBUTIVO VALUES('dist17', '42_MUTC_CCHH_LANI_1_A_M6', '0105678901');
INSERT INTO AC_DISTRIBUTIVO VALUES('dist18', '42_MUTC_CCHH_LANI_2_A_M6', '2008901234');
INSERT INTO AC_DISTRIBUTIVO VALUES('dist19', '42_MUTC_CCHH_LANI_2_A_M6', '0808901234');
INSERT INTO AC_DISTRIBUTIVO VALUES('dist27', '42_MUTC_CCHH_LTSO_6_A_M6', '1903456789');
INSERT INTO AC_DISTRIBUTIVO VALUES('dist28', '42_MUTC_CCHH_LTSO_6_A_M6', '1406789012');
INSERT INTO AC_DISTRIBUTIVO VALUES('dist29', '42_MUTC_CCHH_LTSO_7_A_M6', '1309012345');
INSERT INTO AC_DISTRIBUTIVO VALUES('dist30', '42_MUTC_CCHH_LTSO_7_A_M6', '0202345678');
INSERT INTO AC_DISTRIBUTIVO VALUES('dist43', '42_MUTC_CAREN_IMAM_5_A_M6', '0105678901');
INSERT INTO AC_DISTRIBUTIVO VALUES('dist44', '42_MUTC_CAREN_IMAM_5_A_M6', '2008901234');
INSERT INTO AC_DISTRIBUTIVO VALUES('dist45', '42_MUTC_CAREN_IMAM_6_A_M6', '0808901234');
INSERT INTO AC_DISTRIBUTIVO VALUES('dist46', '42_MUTC_CAREN_IMAM_6_A_M6', '1903456789');
INSERT INTO AC_DISTRIBUTIVO VALUES('dist39', '42_MUTC_CAREN_MVEZ_3_A_M6', '1406789012');
INSERT INTO AC_DISTRIBUTIVO VALUES('dist40', '42_MUTC_CAREN_MVEZ_3_A_M6', '1309012345');
INSERT INTO AC_DISTRIBUTIVO VALUES('dist41', '42_MUTC_CAREN_MVEZ_4_A_M6', '0202345678');
INSERT INTO AC_DISTRIBUTIVO VALUES('dist42', '42_MUTC_CAREN_MVEZ_4_A_M6', '0105678901');
INSERT INTO AC_DISTRIBUTIVO VALUES('dist35', '42_MUTC_CAREN_IBIO_1_A_M6', '2008901234');
INSERT INTO AC_DISTRIBUTIVO VALUES('dist36', '42_MUTC_CAREN_IBIO_1_A_M6', '0808901234');
INSERT INTO AC_DISTRIBUTIVO VALUES('dist37', '42_MUTC_CAREN_IBIO_2_A_M6', '1903456789');
INSERT INTO AC_DISTRIBUTIVO VALUES('dist38', '42_MUTC_CAREN_IBIO_2_A_M6', '1406789012');
INSERT INTO AC_DISTRIBUTIVO VALUES('dist1', '42_MUTC_CIYA_IHID_1_A_M6', '1309012345');
INSERT INTO AC_DISTRIBUTIVO VALUES('dist3', '42_MUTC_CIYA_IHID_1_A_M6', '0202345678');
INSERT INTO AC_DISTRIBUTIVO VALUES('ISI07DESWEB', '42_MUTC_CIYA_IISC_7_A_M6', '1721895181');
INSERT INTO AC_DISTRIBUTIVO VALUES('ISIEC906', '42_MUTC_CIYA_IISC_6_A_M6', '1721895181');
INSERT INTO AC_DISTRIBUTIVO VALUES('ISIFS204', '42_MUTC_CIYA_IISC_2_A_M6', '1721895181');
INSERT INTO AC_DISTRIBUTIVO VALUES('ISISI805', '42_MUTC_CIYA_IISC_8_A_M6', '1721895181');
INSERT INTO AC_DISTRIBUTIVO VALUES('dist8', '42_MUTC_CIYA_ISOF_5_A_M6', '0105678901');
INSERT INTO AC_DISTRIBUTIVO VALUES('dist9', '42_MUTC_CIYA_ISOF_5_A_M6', '2008901234');
INSERT INTO AC_DISTRIBUTIVO VALUES('dist11', '42_MUTC_CIYA_ISOF_4_A_M6', '0808901234');

-- Insertar registros en la tabla SIG_HORAS
INSERT INTO SIG_HORAS VALUES ('H00', '1900-01-01 00:00:00.000', '1900-01-01 00:59:59.997', 'MADRUGADA', NULL)
INSERT INTO SIG_HORAS VALUES ('H01', '1900-01-01 01:00:00.000', '1900-01-01 01:59:59.997', 'MADRUGADA', NULL)
INSERT INTO SIG_HORAS VALUES ('H02', '1900-01-01 02:00:00.000', '1900-01-01 02:59:59.997', 'MADRUGADA', NULL)
INSERT INTO SIG_HORAS VALUES ('H03', '1900-01-01 03:00:00.000', '1900-01-01 03:59:59.997', 'MADRUGADA', NULL)
INSERT INTO SIG_HORAS VALUES ('H04', '1900-01-01 04:00:00.000', '1900-01-01 04:59:59.997', 'MADRUGADA', NULL)
INSERT INTO SIG_HORAS VALUES ('H05', '1900-01-01 05:00:00.000', '1900-01-01 05:59:59.997', 'MADRUGADA', NULL)
INSERT INTO SIG_HORAS VALUES ('H06', '1900-01-01 06:00:00.000', '1900-01-01 06:59:59.997', 'MATUTINA', NULL)
INSERT INTO SIG_HORAS VALUES ('H07', '1900-01-01 07:00:00.000', '1900-01-01 07:59:59.997', 'MATUTINA', NULL)
INSERT INTO SIG_HORAS VALUES ('H08', '1900-01-01 08:00:00.000', '1900-01-01 08:59:59.997', 'MATUTINA', NULL)
INSERT INTO SIG_HORAS VALUES ('H09', '1900-01-01 09:00:00.000', '1900-01-01 09:59:59.997', 'MATUTINA', NULL)
INSERT INTO SIG_HORAS VALUES ('H10', '1900-01-01 10:00:00.000', '1900-01-01 10:59:59.997', 'MATUTINA', NULL)
INSERT INTO SIG_HORAS VALUES ('H11', '1900-01-01 11:00:00.000', '1900-01-01 11:59:59.997', 'MATUTINA', NULL)
INSERT INTO SIG_HORAS VALUES ('H12', '1900-01-01 12:00:00.000', '1900-01-01 12:59:59.997', 'VESPERTINA', 'MATUTINA')
INSERT INTO SIG_HORAS VALUES ('H13', '1900-01-01 13:00:00.000', '1900-01-01 13:59:59.997', 'VESPERTINA', NULL)
INSERT INTO SIG_HORAS VALUES ('H14', '1900-01-01 14:00:00.000', '1900-01-01 14:59:59.997', 'VESPERTINA', NULL)
INSERT INTO SIG_HORAS VALUES ('H15', '1900-01-01 15:00:00.000', '1900-01-01 15:59:59.997', 'VESPERTINA', NULL)
INSERT INTO SIG_HORAS VALUES ('H16', '1900-01-01 16:00:00.000', '1900-01-01 16:59:59.997', 'VESPERTINA', NULL)
INSERT INTO SIG_HORAS VALUES ('H17', '1900-01-01 17:00:00.000', '1900-01-01 17:59:59.997', 'NOCTURNA', NULL)
INSERT INTO SIG_HORAS VALUES ('H18', '1900-01-01 18:00:00.000', '1900-01-01 18:59:59.997', 'NOCTURNA', NULL)
INSERT INTO SIG_HORAS VALUES ('H19', '1900-01-01 19:00:00.000', '1900-01-01 19:59:59.997', 'NOCTURNA', NULL)
INSERT INTO SIG_HORAS VALUES ('H20', '1900-01-01 20:00:00.000', '1900-01-01 20:59:59.997', 'NOCTURNA', NULL)
INSERT INTO SIG_HORAS VALUES ('H21', '1900-01-01 21:00:00.000', '1900-01-01 21:59:59.997', 'NOCTURNA', NULL)
INSERT INTO SIG_HORAS VALUES ('H22', '1900-01-01 22:00:00.000', '1900-01-01 22:59:59.997', 'NOCTURNA', NULL)
INSERT INTO SIG_HORAS VALUES ('H23', '1900-01-01 23:00:00.000', '1900-01-01 23:59:59.997', 'NOCTURNA', NULL)

-- Insertar registros en la tabla AC_MATRICULAD
INSERT INTO AC_MATRICULAD VALUES('matd1', 'mat19', 'dist47', '42_EMANA_CIYA_LMIELM_6_A_M6');
INSERT INTO AC_MATRICULAD VALUES('matd2', 'mat20', 'dist49', '42_EMANA_CIYA_LMIELM_6_A_M6');
INSERT INTO AC_MATRICULAD VALUES('matd3', 'mat21', 'dist51', '42_EMANA_CIYA_LMIELM_7_A_M6');
INSERT INTO AC_MATRICULAD VALUES('matd4', 'mat22', 'dist53', '42_EMANA_CIYA_LMIELM_7_A_M6');
INSERT INTO AC_MATRICULAD VALUES('matd5', 'mat9', 'dist21', '42_MUTC_CCHH_IDIG_3_A_M6');
INSERT INTO AC_MATRICULAD VALUES('matd6', 'mat9', 'dist22', '42_MUTC_CCHH_IDIG_3_A_M6');
INSERT INTO AC_MATRICULAD VALUES('matd7', 'mat10', 'dist23', '42_MUTC_CCHH_IDIG_4_A_M6');
INSERT INTO AC_MATRICULAD VALUES('matd8', 'mat10', 'dist24', '42_MUTC_CCHH_IDIG_4_A_M6');
INSERT INTO AC_MATRICULAD VALUES('matd9', 'mat7', 'dist16', '42_MUTC_CCHH_LANI_1_A_M6');
INSERT INTO AC_MATRICULAD VALUES('matd10', 'mat7', 'dist17', '42_MUTC_CCHH_LANI_1_A_M6');
INSERT INTO AC_MATRICULAD VALUES('matd11', 'mat8', 'dist18', '42_MUTC_CCHH_LANI_2_A_M6');
INSERT INTO AC_MATRICULAD VALUES('matd12', 'mat8', 'dist19', '42_MUTC_CCHH_LANI_2_A_M6');
INSERT INTO AC_MATRICULAD VALUES('matd13', 'mat11', 'dist27', '42_MUTC_CCHH_LTSO_6_A_M6');
INSERT INTO AC_MATRICULAD VALUES('matd14', 'mat11', 'dist28', '42_MUTC_CCHH_LTSO_6_A_M6');
INSERT INTO AC_MATRICULAD VALUES('matd15', 'mat12', 'dist29', '42_MUTC_CCHH_LTSO_7_A_M6');
INSERT INTO AC_MATRICULAD VALUES('matd16', 'mat12', 'dist30', '42_MUTC_CCHH_LTSO_7_A_M6');
INSERT INTO AC_MATRICULAD VALUES('matd17', 'mat17', 'dist43', '42_MUTC_CAREN_IMAM_5_A_M6');
INSERT INTO AC_MATRICULAD VALUES('matd18', 'mat17', 'dist44', '42_MUTC_CAREN_IMAM_5_A_M6');
INSERT INTO AC_MATRICULAD VALUES('matd19', 'mat18', 'dist45', '42_MUTC_CAREN_IMAM_6_A_M6');
INSERT INTO AC_MATRICULAD VALUES('matd20', 'mat18', 'dist46', '42_MUTC_CAREN_IMAM_6_A_M6');
INSERT INTO AC_MATRICULAD VALUES('matd21', 'mat15', 'dist39', '42_MUTC_CAREN_MVEZ_3_A_M6');
INSERT INTO AC_MATRICULAD VALUES('matd22', 'mat15', 'dist40', '42_MUTC_CAREN_MVEZ_3_A_M6');
INSERT INTO AC_MATRICULAD VALUES('matd23', 'mat16', 'dist41', '42_MUTC_CAREN_MVEZ_4_A_M6');
INSERT INTO AC_MATRICULAD VALUES('matd24', 'mat16', 'dist42', '42_MUTC_CAREN_MVEZ_4_A_M6');
INSERT INTO AC_MATRICULAD VALUES('matd25', 'mat13', 'dist35', '42_MUTC_CAREN_IBIO_1_A_M6');
INSERT INTO AC_MATRICULAD VALUES('matd26', 'mat13', 'dist36', '42_MUTC_CAREN_IBIO_1_A_M6');
INSERT INTO AC_MATRICULAD VALUES('matd27', 'mat14', 'dist37', '42_MUTC_CAREN_IBIO_2_A_M6');
INSERT INTO AC_MATRICULAD VALUES('matd28', 'mat14', 'dist38', '42_MUTC_CAREN_IBIO_2_A_M6');
INSERT INTO AC_MATRICULAD VALUES('matd29', 'mat1', 'dist1', '42_MUTC_CIYA_IHID_1_A_M6');
INSERT INTO AC_MATRICULAD VALUES('matd30', 'mat2', 'dist3', '42_MUTC_CIYA_IHID_1_A_M6');
INSERT INTO AC_MATRICULAD VALUES('matd31', 'mat5', 'ISIFS204', '42_MUTC_CIYA_IISC_2_A_M6');
INSERT INTO AC_MATRICULAD VALUES('matd32', 'mat6', 'ISISI805', '42_MUTC_CIYA_IISC_8_A_M6');
INSERT INTO AC_MATRICULAD VALUES('matd33', 'mat4', 'dist8', '42_MUTC_CIYA_ISOF_5_A_M6');
INSERT INTO AC_MATRICULAD VALUES('matd34', 'mat4', 'dist9', '42_MUTC_CIYA_ISOF_5_A_M6');
INSERT INTO AC_MATRICULAD VALUES('matd35', 'mat3', 'dist11', '42_MUTC_CIYA_ISOF_4_A_M6');

-- Insertar registros en la tabla AC_HORARIOS
INSERT INTO AC_HORARIOS VALUES('cur1', 'dist1', 1, 'H07');
INSERT INTO AC_HORARIOS VALUES('cur1', 'dist1', 1, 'H08');
INSERT INTO AC_HORARIOS VALUES('cur1', 'dist1', 5, 'H13');
INSERT INTO AC_HORARIOS VALUES('cur1', 'dist1', 5, 'H14');
INSERT INTO AC_HORARIOS VALUES('cur1', 'dist3', 2, 'H15');
INSERT INTO AC_HORARIOS VALUES('cur1', 'dist3', 2, 'H16');
INSERT INTO AC_HORARIOS VALUES('cur1', 'dist3', 3, 'H07');
INSERT INTO AC_HORARIOS VALUES('cur1', 'dist3', 3, 'H08');
INSERT INTO AC_HORARIOS VALUES('cur3', 'dist4', 3, 'H15');
INSERT INTO AC_HORARIOS VALUES('cur3', 'dist4', 3, 'H16');
INSERT INTO AC_HORARIOS VALUES('cur3', 'dist4', 4, 'H07');
INSERT INTO AC_HORARIOS VALUES('cur3', 'dist4', 4, 'H08');
INSERT INTO AC_HORARIOS VALUES('cur3', 'dist5', 4, 'H15');
INSERT INTO AC_HORARIOS VALUES('cur3', 'dist5', 4, 'H16');
INSERT INTO AC_HORARIOS VALUES('cur3', 'dist5', 5, 'H07');
INSERT INTO AC_HORARIOS VALUES('cur3', 'dist5', 5, 'H08');
INSERT INTO AC_HORARIOS VALUES('cur4', 'dist6', 1, 'H09');
INSERT INTO AC_HORARIOS VALUES('cur4', 'dist6', 1, 'H10');
INSERT INTO AC_HORARIOS VALUES('cur4', 'dist6', 5, 'H15');
INSERT INTO AC_HORARIOS VALUES('cur4', 'dist6', 5, 'H16');
INSERT INTO AC_HORARIOS VALUES('cur4', 'dist7', 1, 'H17');
INSERT INTO AC_HORARIOS VALUES('cur4', 'dist7', 1, 'H18');
INSERT INTO AC_HORARIOS VALUES('cur4', 'dist7', 2, 'H09');
INSERT INTO AC_HORARIOS VALUES('cur4', 'dist7', 2, 'H10');
INSERT INTO AC_HORARIOS VALUES('42_MUTC_CIYA_IISC_7_A_M6', 'ISI07DESWEB', 1, 'H07');
INSERT INTO AC_HORARIOS VALUES('42_MUTC_CIYA_IISC_7_A_M6', 'ISI07DESWEB', 1, 'H08');
INSERT INTO AC_HORARIOS VALUES('42_MUTC_CIYA_IISC_7_A_M6', 'ISI07DESWEB', 1, 'H09');
INSERT INTO AC_HORARIOS VALUES('42_MUTC_CIYA_IISC_7_A_M6', 'ISI07DESWEB', 2, 'H09');
INSERT INTO AC_HORARIOS VALUES('42_MUTC_CIYA_IISC_7_A_M6', 'ISI07DESWEB', 2, 'H10');
INSERT INTO AC_HORARIOS VALUES('42_MUTC_CIYA_IISC_7_A_M6', 'ISI07DESWEB', 2, 'H11');
INSERT INTO AC_HORARIOS VALUES('42_MUTC_CIYA_IISC_6_A_M6', 'ISIEC906', 3, 'H07');
INSERT INTO AC_HORARIOS VALUES('42_MUTC_CIYA_IISC_6_A_M6', 'ISIEC906', 3, 'H08');
INSERT INTO AC_HORARIOS VALUES('42_MUTC_CIYA_IISC_6_A_M6', 'ISIEC906', 4, 'H07');
INSERT INTO AC_HORARIOS VALUES('42_MUTC_CIYA_IISC_6_A_M6', 'ISIEC906', 4, 'H08');
INSERT INTO AC_HORARIOS VALUES('42_MUTC_CIYA_IISC_2_A_M6', 'ISIFS204', 3, 'H14');
INSERT INTO AC_HORARIOS VALUES('42_MUTC_CIYA_IISC_2_A_M6', 'ISIFS204', 3, 'H15');
INSERT INTO AC_HORARIOS VALUES('42_MUTC_CIYA_IISC_2_A_M6', 'ISIFS204', 3, 'H16');
INSERT INTO AC_HORARIOS VALUES('42_MUTC_CIYA_IISC_2_A_M6', 'ISIFS204', 5, 'H12');
INSERT INTO AC_HORARIOS VALUES('42_MUTC_CIYA_IISC_2_A_M6', 'ISIFS204', 5, 'H13');
INSERT INTO AC_HORARIOS VALUES('42_MUTC_CIYA_IISC_8_A_M6', 'ISISI805', 4, 'H09');
INSERT INTO AC_HORARIOS VALUES('42_MUTC_CIYA_IISC_8_A_M6', 'ISISI805', 4, 'H10');
INSERT INTO AC_HORARIOS VALUES('42_MUTC_CIYA_IISC_8_A_M6', 'ISISI805', 4, 'H11');
INSERT INTO AC_HORARIOS VALUES('42_MUTC_CIYA_IISC_8_A_M6', 'ISISI805', 5, 'H07');
INSERT INTO AC_HORARIOS VALUES('42_MUTC_CIYA_IISC_8_A_M6', 'ISISI805', 5, 'H08');
INSERT INTO AC_HORARIOS VALUES('42_MUTC_CIYA_IISC_8_A_M6', 'ISISI805', 5, 'H09');
INSERT INTO AC_HORARIOS VALUES('cur6', 'dist8', 2, 'H09');
INSERT INTO AC_HORARIOS VALUES('cur6', 'dist8', 2, 'H10');
INSERT INTO AC_HORARIOS VALUES('cur6', 'dist8', 3, 'H17');
INSERT INTO AC_HORARIOS VALUES('cur6', 'dist8', 3, 'H18');
INSERT INTO AC_HORARIOS VALUES('cur6', 'dist9', 1, 'H17');
INSERT INTO AC_HORARIOS VALUES('cur6', 'dist9', 1, 'H18');
INSERT INTO AC_HORARIOS VALUES('cur6', 'dist9', 5, 'H09');
INSERT INTO AC_HORARIOS VALUES('cur6', 'dist9', 5, 'H10');
INSERT INTO AC_HORARIOS VALUES('cur5', 'dist11', 1, 'H11');
INSERT INTO AC_HORARIOS VALUES('cur5', 'dist11', 1, 'H12');
INSERT INTO AC_HORARIOS VALUES('cur5', 'dist11', 5, 'H17');
INSERT INTO AC_HORARIOS VALUES('cur5', 'dist11', 5, 'H18');
INSERT INTO AC_HORARIOS VALUES('cur7', 'dist12', 1, 'H19');
INSERT INTO AC_HORARIOS VALUES('cur7', 'dist12', 1, 'H20');
INSERT INTO AC_HORARIOS VALUES('cur7', 'dist12', 2, 'H11');
INSERT INTO AC_HORARIOS VALUES('cur7', 'dist12', 2, 'H12');
INSERT INTO AC_HORARIOS VALUES('cur7', 'dist13', 2, 'H11');
INSERT INTO AC_HORARIOS VALUES('cur7', 'dist13', 2, 'H12');
INSERT INTO AC_HORARIOS VALUES('cur7', 'dist13', 3, 'H19');
INSERT INTO AC_HORARIOS VALUES('cur7', 'dist13', 3, 'H20');
INSERT INTO AC_HORARIOS VALUES('cur8', 'dist14', 3, 'H19');
INSERT INTO AC_HORARIOS VALUES('cur8', 'dist14', 3, 'H20');
INSERT INTO AC_HORARIOS VALUES('cur8', 'dist14', 4, 'H11');
INSERT INTO AC_HORARIOS VALUES('cur8', 'dist14', 4, 'H12');
INSERT INTO AC_HORARIOS VALUES('cur8', 'dist15', 4, 'H19');
INSERT INTO AC_HORARIOS VALUES('cur8', 'dist15', 4, 'H20');
INSERT INTO AC_HORARIOS VALUES('cur8', 'dist15', 5, 'H11');
INSERT INTO AC_HORARIOS VALUES('cur8', 'dist15', 5, 'H12');
INSERT INTO AC_HORARIOS VALUES('cur9', 'dist16', 1, 'H13');
INSERT INTO AC_HORARIOS VALUES('cur9', 'dist16', 1, 'H14');
INSERT INTO AC_HORARIOS VALUES('cur9', 'dist16', 5, 'H19');
INSERT INTO AC_HORARIOS VALUES('cur9', 'dist16', 5, 'H20');
INSERT INTO AC_HORARIOS VALUES('cur9', 'dist17', 1, 'H07');
INSERT INTO AC_HORARIOS VALUES('cur9', 'dist17', 1, 'H08');
INSERT INTO AC_HORARIOS VALUES('cur9', 'dist17', 2, 'H13');
INSERT INTO AC_HORARIOS VALUES('cur9', 'dist17', 2, 'H14');
INSERT INTO AC_HORARIOS VALUES('cur10', 'dist18', 2, 'H07');
INSERT INTO AC_HORARIOS VALUES('cur10', 'dist18', 2, 'H08');
INSERT INTO AC_HORARIOS VALUES('cur10', 'dist18', 3, 'H13');
INSERT INTO AC_HORARIOS VALUES('cur10', 'dist18', 3, 'H14');
INSERT INTO AC_HORARIOS VALUES('cur10', 'dist19', 3, 'H07');
INSERT INTO AC_HORARIOS VALUES('cur10', 'dist19', 3, 'H08');
INSERT INTO AC_HORARIOS VALUES('cur10', 'dist19', 4, 'H13');
INSERT INTO AC_HORARIOS VALUES('cur10', 'dist19', 4, 'H14');
INSERT INTO AC_HORARIOS VALUES('cur11', 'dist20', 4, 'H07');
INSERT INTO AC_HORARIOS VALUES('cur11', 'dist20', 4, 'H08');
INSERT INTO AC_HORARIOS VALUES('cur11', 'dist20', 5, 'H13');
INSERT INTO AC_HORARIOS VALUES('cur11', 'dist20', 5, 'H14');
INSERT INTO AC_HORARIOS VALUES('cur11', 'dist21', 1, 'H15');
INSERT INTO AC_HORARIOS VALUES('cur11', 'dist21', 1, 'H16');
INSERT INTO AC_HORARIOS VALUES('cur11', 'dist21', 5, 'H07');
INSERT INTO AC_HORARIOS VALUES('cur11', 'dist21', 5, 'H08');
INSERT INTO AC_HORARIOS VALUES('cur13', 'dist23', 2, 'H09');
INSERT INTO AC_HORARIOS VALUES('cur13', 'dist23', 2, 'H10');
INSERT INTO AC_HORARIOS VALUES('cur13', 'dist23', 3, 'H15');
INSERT INTO AC_HORARIOS VALUES('cur13', 'dist23', 3, 'H16');
INSERT INTO AC_HORARIOS VALUES('cur13', 'dist24', 1, 'H17');
INSERT INTO AC_HORARIOS VALUES('cur13', 'dist24', 1, 'H18');
INSERT INTO AC_HORARIOS VALUES('cur13', 'dist24', 5, 'H09');
INSERT INTO AC_HORARIOS VALUES('cur13', 'dist24', 5, 'H10');
INSERT INTO AC_HORARIOS VALUES('cur14', 'dist25', 3, 'H09');
INSERT INTO AC_HORARIOS VALUES('cur14', 'dist25', 3, 'H10');
INSERT INTO AC_HORARIOS VALUES('cur14', 'dist25', 4, 'H15');
INSERT INTO AC_HORARIOS VALUES('cur14', 'dist25', 4, 'H16');
INSERT INTO AC_HORARIOS VALUES('cur14', 'dist26', 4, 'H09');
INSERT INTO AC_HORARIOS VALUES('cur14', 'dist26', 4, 'H10');
INSERT INTO AC_HORARIOS VALUES('cur14', 'dist26', 5, 'H15');
INSERT INTO AC_HORARIOS VALUES('cur14', 'dist26', 5, 'H16');
INSERT INTO AC_HORARIOS VALUES('cur15', 'dist27', 1, 'H11');
INSERT INTO AC_HORARIOS VALUES('cur15', 'dist27', 1, 'H12');
INSERT INTO AC_HORARIOS VALUES('cur15', 'dist27', 2, 'H17');
INSERT INTO AC_HORARIOS VALUES('cur15', 'dist27', 2, 'H18');
INSERT INTO AC_HORARIOS VALUES('cur15', 'dist28', 2, 'H11');
INSERT INTO AC_HORARIOS VALUES('cur15', 'dist28', 2, 'H12');
INSERT INTO AC_HORARIOS VALUES('cur15', 'dist28', 3, 'H17');
INSERT INTO AC_HORARIOS VALUES('cur15', 'dist28', 3, 'H18');
INSERT INTO AC_HORARIOS VALUES('cur16', 'dist29', 3, 'H11');
INSERT INTO AC_HORARIOS VALUES('cur16', 'dist29', 3, 'H12');
INSERT INTO AC_HORARIOS VALUES('cur16', 'dist29', 4, 'H17');
INSERT INTO AC_HORARIOS VALUES('cur16', 'dist29', 4, 'H18');
INSERT INTO AC_HORARIOS VALUES('cur16', 'dist30', 4, 'H11');
INSERT INTO AC_HORARIOS VALUES('cur16', 'dist30', 4, 'H12');
INSERT INTO AC_HORARIOS VALUES('cur16', 'dist30', 5, 'H17');
INSERT INTO AC_HORARIOS VALUES('cur16', 'dist30', 5, 'H18');
INSERT INTO AC_HORARIOS VALUES('cur17', 'dist31', 1, 'H19');
INSERT INTO AC_HORARIOS VALUES('cur17', 'dist31', 1, 'H20');
INSERT INTO AC_HORARIOS VALUES('cur17', 'dist31', 5, 'H11');
INSERT INTO AC_HORARIOS VALUES('cur17', 'dist31', 5, 'H12');
INSERT INTO AC_HORARIOS VALUES('cur17', 'dist32', 1, 'H13');
INSERT INTO AC_HORARIOS VALUES('cur17', 'dist32', 1, 'H14');
INSERT INTO AC_HORARIOS VALUES('cur17', 'dist32', 2, 'H19');
INSERT INTO AC_HORARIOS VALUES('cur17', 'dist32', 2, 'H20');
INSERT INTO AC_HORARIOS VALUES('cur19', 'dist35', 4, 'H13');
INSERT INTO AC_HORARIOS VALUES('cur19', 'dist35', 4, 'H14');
INSERT INTO AC_HORARIOS VALUES('cur19', 'dist35', 5, 'H19');
INSERT INTO AC_HORARIOS VALUES('cur19', 'dist35', 5, 'H20');
INSERT INTO AC_HORARIOS VALUES('cur19', 'dist36', 1, 'H07');
INSERT INTO AC_HORARIOS VALUES('cur19', 'dist36', 1, 'H08');
INSERT INTO AC_HORARIOS VALUES('cur19', 'dist36', 5, 'H13');
INSERT INTO AC_HORARIOS VALUES('cur19', 'dist36', 5, 'H14');
INSERT INTO AC_HORARIOS VALUES('cur20', 'dist37', 1, 'H15');
INSERT INTO AC_HORARIOS VALUES('cur20', 'dist37', 1, 'H16');
INSERT INTO AC_HORARIOS VALUES('cur20', 'dist37', 2, 'H07');
INSERT INTO AC_HORARIOS VALUES('cur20', 'dist37', 2, 'H08');
INSERT INTO AC_HORARIOS VALUES('cur20', 'dist38', 2, 'H15');
INSERT INTO AC_HORARIOS VALUES('cur20', 'dist38', 2, 'H16');
INSERT INTO AC_HORARIOS VALUES('cur20', 'dist38', 3, 'H07');
INSERT INTO AC_HORARIOS VALUES('cur20', 'dist38', 3, 'H08');
INSERT INTO AC_HORARIOS VALUES('cur22', 'dist39', 3, 'H15');
INSERT INTO AC_HORARIOS VALUES('cur22', 'dist39', 3, 'H16');
INSERT INTO AC_HORARIOS VALUES('cur22', 'dist39', 4, 'H07');
INSERT INTO AC_HORARIOS VALUES('cur22', 'dist39', 4, 'H08');
INSERT INTO AC_HORARIOS VALUES('cur22', 'dist40', 4, 'H15');
INSERT INTO AC_HORARIOS VALUES('cur22', 'dist40', 4, 'H16');
INSERT INTO AC_HORARIOS VALUES('cur22', 'dist40', 5, 'H07');
INSERT INTO AC_HORARIOS VALUES('cur22', 'dist40', 5, 'H08');
INSERT INTO AC_HORARIOS VALUES('cur21', 'dist41', 1, 'H09');
INSERT INTO AC_HORARIOS VALUES('cur21', 'dist41', 1, 'H10');
INSERT INTO AC_HORARIOS VALUES('cur21', 'dist41', 5, 'H15');
INSERT INTO AC_HORARIOS VALUES('cur21', 'dist41', 5, 'H16');
INSERT INTO AC_HORARIOS VALUES('cur21', 'dist42', 1, 'H17');
INSERT INTO AC_HORARIOS VALUES('cur21', 'dist42', 1, 'H18');
INSERT INTO AC_HORARIOS VALUES('cur21', 'dist42', 2, 'H09');
INSERT INTO AC_HORARIOS VALUES('cur21', 'dist42', 2, 'H10');
INSERT INTO AC_HORARIOS VALUES('cur23', 'dist43', 2, 'H17');
INSERT INTO AC_HORARIOS VALUES('cur23', 'dist43', 2, 'H18');
INSERT INTO AC_HORARIOS VALUES('cur23', 'dist43', 3, 'H09');
INSERT INTO AC_HORARIOS VALUES('cur23', 'dist43', 3, 'H10');
INSERT INTO AC_HORARIOS VALUES('cur23', 'dist44', 3, 'H17');
INSERT INTO AC_HORARIOS VALUES('cur23', 'dist44', 3, 'H18');
INSERT INTO AC_HORARIOS VALUES('cur23', 'dist44', 4, 'H09');
INSERT INTO AC_HORARIOS VALUES('cur23', 'dist44', 4, 'H10');
INSERT INTO AC_HORARIOS VALUES('cur24', 'dist45', 4, 'H17');
INSERT INTO AC_HORARIOS VALUES('cur24', 'dist45', 4, 'H18');
INSERT INTO AC_HORARIOS VALUES('cur24', 'dist45', 5, 'H09');
INSERT INTO AC_HORARIOS VALUES('cur24', 'dist45', 5, 'H10');
INSERT INTO AC_HORARIOS VALUES('cur24', 'dist46', 1, 'H11');
INSERT INTO AC_HORARIOS VALUES('cur24', 'dist46', 1, 'H12');
INSERT INTO AC_HORARIOS VALUES('cur24', 'dist46', 5, 'H17');
INSERT INTO AC_HORARIOS VALUES('cur24', 'dist46', 5, 'H18');
INSERT INTO AC_HORARIOS VALUES('cur25', 'dist47', 1, 'H19');
INSERT INTO AC_HORARIOS VALUES('cur25', 'dist47', 1, 'H20');
INSERT INTO AC_HORARIOS VALUES('cur25', 'dist47', 2, 'H11');
INSERT INTO AC_HORARIOS VALUES('cur25', 'dist47', 2, 'H12');
INSERT INTO AC_HORARIOS VALUES('cur25', 'dist49', 3, 'H19');
INSERT INTO AC_HORARIOS VALUES('cur25', 'dist49', 3, 'H20');
INSERT INTO AC_HORARIOS VALUES('cur25', 'dist49', 4, 'H11');
INSERT INTO AC_HORARIOS VALUES('cur25', 'dist49', 4, 'H12');
INSERT INTO AC_HORARIOS VALUES('cur27', 'dist51', 5, 'H19');
INSERT INTO AC_HORARIOS VALUES('cur27', 'dist51', 5, 'H20');
INSERT INTO AC_HORARIOS VALUES('cur27', 'dist51', 1, 'H13');
INSERT INTO AC_HORARIOS VALUES('cur27', 'dist51', 1, 'H14');
INSERT INTO AC_HORARIOS VALUES('cur27', 'dist53', 2, 'H07');
INSERT INTO AC_HORARIOS VALUES('cur27', 'dist53', 2, 'H08');
INSERT INTO AC_HORARIOS VALUES('cur27', 'dist53', 3, 'H13');
INSERT INTO AC_HORARIOS VALUES('cur27', 'dist53', 3, 'H14');

-- Insertar registros en la tabla SILABOC
INSERT INTO SILABOC VALUES('42_MUTC_CIYA_IISC_M6_ISISI805_S01', '42_MUTC_CIYA_IISC', 'M6_MUTC_CIYA_IISC', 'ISISI805', 'S01', 'SISTEMAS DE INFORMACION PARA LA INTELIGENCIA DE NEGOCIOS');

-- Insertar registros en la tabla SILABOD
INSERT INTO SILABOD VALUES('42_MUTC_CIYA_IISC_M6_ISISI805_S01_APOR_2', '42_MUTC_CIYA_IISC_M6_ISISI805_S01', 'SS', 'SILD', 'APOR', 'La  asignatura de Sistemas de Información para la Inteligencia de Negocios aporta en construir procesos que comprenden la extracción, combinación, depuración y distribución de la información a los usuarios finales lo cual resulta fundamental dentro de las organizaciones donde se manejan grandes volúmenes de datos que debe ser analizados de forma sistematizada para generar información que apoye en la toma de decisiones inteligentes.', 2);
INSERT INTO SILABOD VALUES('42_MUTC_CIYA_IISC_M6_ISISI805_S01_DESC_1', '42_MUTC_CIYA_IISC_M6_ISISI805_S01', 'SS', 'SILD', 'DESC', 'La asignatura de Sistemas de Información para la Inteligencia de Negocios pertenece a la unidad de organización curricular profesional, de la carrera de Sistemas de Información de la Universidad Técnica de Cotopaxi y se orienta al análisis de  los principales conceptos relacionados con los fundamentos, características y modelamiento de la inteligencia de negocios para apoyar en la toma de decisiones empresariales basadas en información derivada del procesamiento de datos a través de software especializado.  Los Sistemas de Información para la Inteligencia de Negocios representan un aporte esencial en las organizaciones puesto a que se centran en reunir, almacenar, analizar y visualizar información para servir de apoyo a la toma de decisiones con lo cual se pretende que las empresas o instituciones identifiquen oportunidades de negocio mediante la integración y visualización de reportes de alto nivel de las diversas áreas y/o unidades que conforman una organización.', 1);
INSERT INTO SILABOD VALUES('42_MUTC_CIYA_IISC_M6_ISISI805_S01_OBJE_3', '42_MUTC_CIYA_IISC_M6_ISISI805_S01', 'SS', 'SILD', 'OBJE', 'Analizar  los principales conceptos relacionados con los fundamentos, características y modelamiento de la inteligencia de negocios con la finalidad entender la forma de cómo implementar este tipo de herramientas dentro de una organización mediante la descripción detallada de las diferentes etapas que deben considerarse para su correcta ejecución.', 3);

-- Insertar registros en la tabla UNIDAD_TEMA
INSERT INTO UNIDAD_TEMA VALUES ('42_MUTC_CIYA_IISC_M6_ISISI805_S01_EFI', '42_MUTC_CIYA_IISC_M6_ISISI805_S01', 'EFI', 'RECUPERACIÓN');
INSERT INTO UNIDAD_TEMA VALUES ('42_MUTC_CIYA_IISC_M6_ISISI805_S01_EGR', '42_MUTC_CIYA_IISC_M6_ISISI805_S01', 'EGR', 'SEMANA-19');
INSERT INTO UNIDAD_TEMA VALUES ('42_MUTC_CIYA_IISC_M6_ISISI805_S01_SOC', '42_MUTC_CIYA_IISC_M6_ISISI805_S01', 'SOC', 'SEMANA-18');
INSERT INTO UNIDAD_TEMA VALUES ('42_MUTC_CIYA_IISC_M6_ISISI805_S01_U01', '42_MUTC_CIYA_IISC_M6_ISISI805_S01', 'U01', 'FUNDAMENTOS Y GESTIÓN DE LA INTELIGENCIA DE NEGOCIOS.');
INSERT INTO UNIDAD_TEMA VALUES ('42_MUTC_CIYA_IISC_M6_ISISI805_S01_U02', '42_MUTC_CIYA_IISC_M6_ISISI805_S01', 'U02', 'SISTEMAS DE SOPORTE A LA ADMINISTRACIÓN Y DATA WAREHOUSE .');
INSERT INTO UNIDAD_TEMA VALUES ('42_MUTC_CIYA_IISC_M6_ISISI805_S01_U03', '42_MUTC_CIYA_IISC_M6_ISISI805_S01', 'U03', 'SISTEMA DE SOPORTE PARA TOMA DE DECISIONES EMPRESARIALES.');

-- Insertar registros en la tabla TEMA
INSERT INTO TEMA VALUES ('42_MUTC_CIYA_IISC_M6_ISISI805_S01_U01_T01', '42_MUTC_CIYA_IISC_M6_ISISI805_S01_U01', 'T01', 'Conceptos básicos.');
INSERT INTO TEMA VALUES ('42_MUTC_CIYA_IISC_M6_ISISI805_S01_U01_T02', '42_MUTC_CIYA_IISC_M6_ISISI805_S01_U01', 'T02', 'Componentes de la Inteligencia de Negocios.');
INSERT INTO TEMA VALUES ('42_MUTC_CIYA_IISC_M6_ISISI805_S01_U01_T03', '42_MUTC_CIYA_IISC_M6_ISISI805_S01_U01', 'T03', 'Los sistemas de información y la generación de valor, ventaja corporativa.');
INSERT INTO TEMA VALUES ('42_MUTC_CIYA_IISC_M6_ISISI805_S01_U01_T04', '42_MUTC_CIYA_IISC_M6_ISISI805_S01_U01', 'T04', 'Principales Herramientas de la Inteligencia de Negocios.');
INSERT INTO TEMA VALUES ('42_MUTC_CIYA_IISC_M6_ISISI805_S01_U02_T01', '42_MUTC_CIYA_IISC_M6_ISISI805_S01_U02', 'T01', 'Variables de medición y análisis.');
INSERT INTO TEMA VALUES ('42_MUTC_CIYA_IISC_M6_ISISI805_S01_U02_T02', '42_MUTC_CIYA_IISC_M6_ISISI805_S01_U02', 'T02', 'Data Warehouse.');
INSERT INTO TEMA VALUES ('42_MUTC_CIYA_IISC_M6_ISISI805_S01_U02_T03', '42_MUTC_CIYA_IISC_M6_ISISI805_S01_U02', 'T03', 'Sistemas de Gestión del conocimiento.');
INSERT INTO TEMA VALUES ('42_MUTC_CIYA_IISC_M6_ISISI805_S01_U02_T04', '42_MUTC_CIYA_IISC_M6_ISISI805_S01_U02', 'T04', 'Patrones: Evaluación / Interpretación / Visualización.');
INSERT INTO TEMA VALUES ('42_MUTC_CIYA_IISC_M6_ISISI805_S01_U03_T01', '42_MUTC_CIYA_IISC_M6_ISISI805_S01_U03', 'T01', 'Vistas Multidimensionales (hipercubos de datos).');
INSERT INTO TEMA VALUES ('42_MUTC_CIYA_IISC_M6_ISISI805_S01_U03_T02', '42_MUTC_CIYA_IISC_M6_ISISI805_S01_U03', 'T02', 'Procesos ETL.');
INSERT INTO TEMA VALUES ('42_MUTC_CIYA_IISC_M6_ISISI805_S01_U03_T03', '42_MUTC_CIYA_IISC_M6_ISISI805_S01_U03', 'T03', 'Reporteadores.');
INSERT INTO TEMA VALUES ('42_MUTC_CIYA_IISC_M6_ISISI805_S01_U03_T04', '42_MUTC_CIYA_IISC_M6_ISISI805_S01_U03', 'T04', 'Alertas, tableros de control (dashboards) e indicadores clave de desempeño (KPIs). Aspectos técnicos del proyecto.');
